Time,Throttle,Brake,Steering,Speed
0.000,0.000,0.000,0.000,0.000
0.020,0.000,0.000,0.000,0.216
0.084,0.000,0.000,0.000,0.468
0.104,0.000,0.000,0.000,0.477
0.110,0.000,0.000,0.000,0.477
0.126,0.000,0.000,0.000,0.461
0.139,0.000,0.000,0.000,0.446
0.150,0.000,0.000,0.000,0.427
0.164,0.000,0.000,0.000,0.382
0.180,0.000,0.000,0.000,0.356
0.195,0.000,0.000,0.000,0.302
0.209,0.000,0.000,0.000,0.275
0.219,0.000,0.000,0.000,0.247
0.233,0.000,0.000,0.000,0.194
0.249,0.000,0.000,0.000,0.169
0.264,0.000,0.000,0.000,0.123
0.279,0.000,0.000,0.000,0.102
0.291,0.000,0.000,0.000,0.064
0.307,0.000,0.000,0.000,0.047
0.318,0.000,0.000,0.000,0.033
0.331,0.000,0.000,0.000,0.007
0.344,0.000,0.000,0.000,0.003
0.361,0.000,0.000,0.000,0.019
0.376,0.000,0.000,0.000,0.026
0.388,0.000,0.000,0.000,0.031
0.401,0.000,0.000,0.000,0.038
0.413,0.000,0.000,0.000,0.040
0.428,0.000,0.000,0.000,0.042
0.444,0.000,0.000,0.000,0.042
0.458,0.000,0.000,0.000,0.042
0.471,0.000,0.000,0.000,0.040
0.482,0.000,0.000,0.000,0.038
0.496,0.000,0.000,0.000,0.036
0.510,0.000,0.000,0.000,0.034
0.525,0.000,0.000,0.000,0.029
0.540,0.000,0.000,0.000,0.027
0.555,0.000,0.000,0.000,0.022
0.568,0.000,0.000,0.000,0.020
0.582,0.000,0.000,0.000,0.015
0.591,0.000,0.000,0.000,0.013
0.604,0.000,0.000,0.000,0.011
0.611,0.000,0.000,0.000,0.009
0.623,0.000,0.000,0.000,0.007
0.638,0.000,0.000,0.000,0.006
0.651,0.000,0.000,0.000,0.003
0.662,0.000,0.000,0.000,0.002
0.676,0.000,0.000,0.000,0.001
0.690,0.000,0.000,0.000,0.001
0.705,0.000,0.000,0.000,0.002
0.722,0.000,0.000,0.000,0.003
0.733,0.000,0.000,0.000,0.003
0.744,0.000,0.000,0.000,0.003
0.759,0.000,0.000,0.000,0.004
0.775,0.000,0.000,0.000,0.004
0.791,0.000,0.000,0.000,0.004
0.805,0.000,0.000,0.000,0.004
0.821,0.000,0.000,0.000,0.003
1.091,0.000,0.000,0.000,0.000
1.111,0.000,0.000,0.000,0.000
1.167,0.000,0.000,0.000,0.000
1.208,0.000,0.000,0.000,0.000
1.239,0.000,0.000,0.000,0.000
1.253,0.000,0.000,0.000,0.000
1.266,0.000,0.000,0.000,0.000
1.280,0.000,0.000,0.000,0.000
1.294,0.000,0.000,0.000,0.000
1.309,0.000,0.000,0.000,0.000
1.325,0.000,0.000,0.000,0.000
1.339,0.000,0.000,0.000,0.000
1.350,0.000,0.000,0.000,0.000
1.363,0.000,0.000,0.000,0.000
1.377,0.000,0.000,0.000,0.000
1.392,0.000,0.000,0.000,0.000
1.406,0.000,0.000,0.000,0.000
1.420,0.000,0.000,0.000,0.000
1.432,0.000,0.000,0.000,0.000
1.447,0.000,0.000,0.000,0.000
1.461,0.000,0.000,0.000,0.000
1.477,0.000,0.000,0.000,0.000
1.488,0.000,0.000,0.000,0.000
1.502,0.000,0.000,0.000,0.000
1.515,0.000,0.000,0.000,0.000
1.530,0.000,0.000,0.000,0.000
1.544,0.000,0.000,0.000,0.000
1.557,0.000,0.000,0.000,0.000
1.574,0.000,0.000,0.000,0.000
1.585,0.000,0.000,0.000,0.000
1.600,0.000,0.000,0.000,0.000
1.613,0.000,0.000,0.000,0.000
1.627,0.000,0.000,0.000,0.000
1.643,0.000,0.000,0.000,0.000
1.658,0.000,0.000,0.000,0.000
1.671,0.000,0.000,0.000,0.000
1.683,0.000,0.000,0.000,0.000
1.696,0.000,0.000,0.000,0.000
1.711,0.000,0.000,0.000,0.000
1.726,0.000,0.000,0.000,0.000
1.738,0.000,0.000,0.000,0.000
1.755,0.000,0.000,0.000,0.000
1.765,0.000,0.000,0.000,0.000
1.779,0.000,0.000,0.000,0.000
1.795,0.000,0.000,0.000,0.000
1.810,0.000,0.000,0.000,0.000
1.823,0.000,0.000,0.000,0.000
1.835,0.000,0.000,0.000,0.000
1.849,0.000,0.000,0.000,0.000
1.863,0.000,0.000,0.000,0.000
1.877,0.000,0.000,0.000,0.000
1.891,0.000,0.000,0.000,0.000
1.908,0.000,0.000,0.000,0.000
1.919,0.000,0.000,0.000,0.000
1.934,0.000,0.000,0.000,0.000
1.946,0.000,0.000,0.000,0.000
1.961,0.000,0.000,0.000,0.000
1.975,0.000,0.000,0.000,0.000
1.991,0.000,0.000,0.000,0.000
2.005,0.000,0.000,0.000,0.000
2.017,0.000,0.000,0.000,0.000
2.030,0.000,0.000,0.000,0.000
2.045,0.000,0.000,0.000,0.000
2.060,0.000,0.000,0.000,0.000
2.072,0.000,0.000,0.000,0.000
2.088,0.000,0.000,0.000,0.000
2.099,0.000,0.000,0.000,0.000
2.113,0.000,0.000,0.000,0.000
2.128,0.000,0.000,0.000,0.000
2.144,0.000,0.000,0.000,0.000
2.156,0.000,0.000,0.000,0.000
2.170,0.000,0.000,0.000,0.000
2.182,0.000,0.000,0.000,0.000
2.196,0.000,0.000,0.000,0.000
2.210,0.000,0.000,0.000,0.000
2.224,0.000,0.000,0.000,0.000
2.241,0.000,0.000,0.000,0.000
2.252,0.000,0.000,0.000,0.000
2.267,0.000,0.000,0.000,0.000
2.280,0.000,0.000,0.000,0.000
2.294,0.000,0.000,0.000,0.000
2.309,0.000,0.000,0.000,0.000
2.325,0.000,0.000,0.000,0.000
2.338,0.000,0.000,0.000,0.000
2.350,0.000,0.000,0.000,0.000
2.364,0.000,0.000,0.000,0.000
2.377,0.000,0.000,0.000,0.000
2.391,0.000,0.000,0.000,0.000
2.405,0.000,0.000,0.000,0.000
2.419,0.000,0.000,0.000,0.000
2.433,0.000,0.000,0.000,0.000
2.448,0.000,0.000,0.000,0.000
2.463,0.000,0.000,0.000,0.000
2.474,0.000,0.000,0.000,0.000
2.489,0.000,0.000,0.000,0.000
2.503,0.000,0.000,0.000,0.000
2.520,0.000,0.000,0.000,0.000
2.530,0.000,0.000,0.000,0.000
2.545,0.000,0.000,0.000,0.000
2.558,0.000,0.000,0.000,0.000
2.572,0.000,0.000,0.000,0.000
2.588,0.000,0.000,0.000,0.000
2.601,0.000,0.000,0.000,0.000
2.616,0.000,0.000,0.000,0.000
2.628,0.000,0.000,0.000,0.000
2.641,0.000,0.000,0.000,0.000
2.656,0.000,0.000,0.000,0.000
2.669,0.000,0.000,0.000,0.000
2.685,0.000,0.000,0.000,0.000
2.697,0.000,0.000,0.000,0.000
2.711,0.000,0.000,0.000,0.000
2.725,0.000,0.000,0.000,0.000
2.741,0.000,0.000,0.000,0.000
2.756,0.000,0.000,0.000,0.000
2.769,0.000,0.000,0.000,0.000
2.781,0.000,0.000,0.000,0.000
2.794,0.000,0.000,0.000,0.000
2.808,0.000,0.000,0.000,0.000
2.824,0.000,0.000,0.000,0.000
2.837,0.000,0.000,0.000,0.000
2.852,0.000,0.000,0.000,0.000
2.864,0.000,0.000,0.000,0.000
2.877,0.000,0.000,0.000,0.000
2.892,0.000,0.000,0.000,0.000
2.905,0.000,0.000,0.000,0.000
2.921,0.000,0.000,0.000,0.000
2.935,0.000,0.000,0.000,0.000
2.947,0.000,0.000,0.000,0.000
2.961,0.000,0.000,0.000,0.000
2.975,0.000,0.000,0.000,0.000
2.989,0.000,0.000,0.000,0.000
3.005,0.000,0.000,0.000,0.000
3.018,0.000,0.000,0.000,0.000
3.034,0.000,0.000,0.000,0.000
3.044,0.000,0.000,0.000,0.000
3.058,0.000,0.000,0.000,0.000
3.073,0.000,0.000,0.000,0.000
3.089,0.000,0.000,0.000,0.000
3.102,0.000,0.000,0.000,0.000
3.114,0.000,0.000,0.000,0.000
3.128,0.000,0.000,0.000,0.000
3.141,0.000,0.000,0.000,0.000
3.157,0.000,0.000,0.000,0.000
3.171,0.000,0.000,0.000,0.000
3.182,0.000,0.000,0.000,0.000
3.197,0.000,0.000,0.000,0.000
3.211,0.000,0.000,0.000,0.000
3.225,0.000,0.000,0.000,0.000
3.241,0.000,0.000,0.000,0.000
3.253,0.000,0.000,0.000,0.000
3.269,0.000,0.000,0.000,0.000
3.280,0.000,0.000,0.000,0.000
3.294,0.000,0.000,0.000,0.000
3.309,0.000,0.000,0.000,0.000
3.325,0.000,0.000,0.000,0.000
3.335,0.000,0.000,0.000,0.000
3.350,0.000,0.000,0.000,0.000
3.363,0.000,0.000,0.000,0.000
3.377,0.000,0.000,0.000,0.000
3.393,0.000,0.000,0.000,0.000
3.407,0.000,0.000,0.000,0.000
3.422,0.000,0.000,0.000,0.000
3.433,0.000,0.000,0.000,0.000
3.447,0.000,0.000,0.000,0.000
3.461,0.000,0.000,0.000,0.000
3.475,0.000,0.000,0.000,0.000
3.490,0.000,0.000,0.000,0.000
3.504,0.000,0.000,0.000,0.000
3.516,0.000,0.000,0.000,0.000
3.531,0.000,0.000,0.000,0.000
3.544,0.000,0.000,0.000,0.000
3.559,0.000,0.000,0.000,0.000
3.575,0.000,0.000,0.000,0.000
3.588,0.000,0.000,0.000,0.000
3.603,0.000,0.000,0.000,0.000
3.614,0.000,0.000,0.000,0.000
3.628,0.000,0.000,0.000,0.000
3.643,0.000,0.000,0.000,0.000
3.659,0.000,0.000,0.000,0.000
3.670,0.000,0.000,0.000,0.000
3.683,0.000,0.000,0.000,0.000
3.697,0.000,0.000,0.000,0.000
3.712,0.000,0.000,0.000,0.000
3.727,0.000,0.000,0.000,0.000
3.743,0.000,0.000,0.000,0.000
3.756,0.000,0.000,0.000,0.000
3.766,0.000,0.000,0.000,0.000
3.781,0.000,0.000,0.000,0.000
3.795,0.000,0.000,0.000,0.000
3.808,0.000,0.000,0.000,0.000
3.824,0.000,0.000,0.000,0.000
3.839,0.000,0.000,0.000,0.000
3.850,0.000,0.000,0.000,0.000
3.865,0.000,0.000,0.000,0.000
3.878,0.000,0.000,0.000,0.000
3.892,0.000,0.000,0.000,0.000
3.908,0.000,0.000,0.000,0.000
3.921,0.000,0.000,0.000,0.000
3.936,0.000,0.000,0.000,0.000
3.947,0.000,0.000,0.000,0.000
3.961,0.000,0.000,0.000,0.000
3.976,0.000,0.000,0.000,0.000
3.989,0.000,0.000,0.000,0.000
4.005,0.000,0.000,0.000,0.000
4.017,0.000,0.000,0.000,0.000
4.030,0.000,0.000,0.000,0.000
4.044,0.000,0.000,0.000,0.000
4.060,0.000,0.000,0.000,0.000
4.076,0.000,0.000,0.000,0.000
4.086,0.000,0.000,0.000,0.000
4.101,0.000,0.000,0.000,0.000
4.114,0.000,0.000,0.000,0.000
4.128,0.000,0.000,0.000,0.000
4.142,0.000,0.000,0.000,0.000
4.157,0.000,0.000,0.000,0.000
4.173,0.000,0.000,0.000,0.000
4.183,0.000,0.000,0.000,0.000
4.197,0.000,0.000,0.000,0.000
4.211,0.000,0.000,0.000,0.000
4.225,0.000,0.000,0.000,0.000
4.242,0.000,0.000,0.000,0.000
4.253,0.000,0.000,0.000,0.000
4.270,0.000,0.000,0.000,0.000
4.280,0.000,0.000,0.000,0.000
4.294,0.000,0.000,0.000,0.000
4.309,0.000,0.000,0.000,0.000
4.326,0.000,0.000,0.000,0.000
4.338,0.000,0.000,0.000,0.000
4.350,0.000,0.000,0.000,0.000
4.363,0.000,0.000,0.000,0.000
4.378,0.000,0.000,0.000,0.000
4.393,0.000,0.000,0.000,0.000
4.408,0.000,0.000,0.000,0.000
4.422,0.000,0.000,0.000,0.000
4.433,0.000,0.000,0.000,0.000
4.447,0.000,0.000,0.000,0.000
4.462,0.000,0.000,0.000,0.000
4.476,0.000,0.000,0.000,0.000
4.490,0.000,0.000,0.000,0.000
4.506,0.000,0.000,0.000,0.000
4.517,0.000,0.000,0.000,0.000
4.531,0.000,0.000,0.000,0.000
4.545,0.000,0.000,0.000,0.000
4.559,0.000,0.000,0.000,0.000
4.575,0.000,0.000,0.000,0.000
4.588,0.000,0.000,0.000,0.000
4.603,0.000,0.000,0.000,0.000
4.614,0.000,0.000,0.000,0.000
4.628,0.000,0.000,0.000,0.000
4.642,0.000,0.000,0.000,0.000
4.656,0.000,0.000,0.000,0.000
4.672,0.000,0.000,0.000,0.000
4.685,0.000,0.000,0.000,0.000
4.697,0.000,0.000,0.000,0.000
4.711,0.000,0.000,0.000,0.000
4.727,0.000,0.000,0.000,0.000
4.741,0.000,0.000,0.000,0.000
4.754,0.000,0.000,0.000,0.000
4.768,0.000,0.000,0.000,0.000
4.781,0.000,0.000,0.000,0.000
4.795,0.000,0.000,0.000,0.000
4.809,0.000,0.000,0.000,0.000
4.824,0.000,0.000,0.000,0.000
4.841,0.000,0.000,0.000,0.000
4.850,0.000,0.000,0.000,0.000
4.865,0.000,0.000,0.000,0.000
4.879,0.000,0.000,0.000,0.000
4.893,0.000,0.000,0.000,0.000
4.908,0.000,0.000,0.000,0.000
4.921,0.000,0.000,0.000,0.000
4.937,0.000,0.000,0.000,0.000
4.947,0.000,0.000,0.000,0.000
4.962,0.000,0.000,0.000,0.000
4.976,0.000,0.000,0.000,0.000
4.989,0.000,0.000,0.000,0.000
5.005,0.000,0.000,0.000,0.000
5.018,0.000,0.000,0.000,0.000
5.031,0.000,0.000,0.000,0.000
5.045,0.000,0.000,0.000,0.000
5.060,0.000,0.000,0.000,0.000
5.075,0.000,0.000,0.000,0.000
5.089,0.000,0.000,0.000,0.000
5.100,0.000,0.000,0.000,0.000
5.114,0.000,0.000,0.000,0.000
5.128,0.000,0.000,0.000,0.000
5.142,0.000,0.000,0.000,0.000
5.157,0.000,0.000,0.000,0.000
5.173,0.000,0.000,0.000,0.000
5.183,0.000,0.000,0.000,0.000
5.198,0.000,0.000,0.000,0.000
5.211,0.000,0.000,0.000,0.000
5.225,0.000,0.000,0.000,0.000
5.242,0.000,0.000,0.000,0.000
5.254,0.000,0.000,0.000,0.000
5.270,0.000,0.000,0.000,0.000
5.280,0.000,0.000,0.000,0.000
5.295,0.000,0.000,0.000,0.000
5.309,0.000,0.000,0.000,0.000
5.322,0.000,0.000,0.000,0.000
5.338,0.000,0.000,0.000,0.000
5.351,0.000,0.000,0.000,0.000
5.364,0.000,0.000,0.000,0.000
5.378,0.000,0.000,0.000,0.000
5.393,0.000,0.000,0.000,0.000
5.409,0.000,0.000,0.000,0.000
5.420,0.000,0.000,0.000,0.000
5.434,0.031,0.000,0.000,0.077
5.448,0.075,0.000,0.000,0.013
5.462,0.118,0.000,0.000,0.130
5.476,0.118,0.000,0.000,0.174
5.491,0.161,0.000,0.000,0.153
5.506,0.196,0.000,0.000,0.308
5.517,0.224,0.000,0.000,0.337
5.532,0.247,0.000,0.000,0.459
5.545,0.282,0.000,0.000,0.557
5.559,0.282,0.000,0.000,0.641
5.575,0.322,0.000,0.000,0.881
5.587,0.357,0.000,0.000,1.066
5.603,0.376,0.000,0.000,1.259
5.614,0.400,0.000,0.000,1.524
5.628,0.427,0.000,0.000,1.495
5.642,0.447,0.000,0.000,1.845
5.659,0.447,0.000,0.000,2.047
5.671,0.463,0.000,0.000,2.445
5.685,0.467,0.000,0.000,2.549
5.697,0.475,0.000,0.000,2.905
5.711,0.475,0.000,0.000,3.154
5.727,0.478,0.000,0.000,3.469
5.742,0.478,0.000,0.000,3.707
5.754,0.478,0.000,0.000,3.814
5.769,0.478,0.000,0.000,3.976
5.781,0.475,0.000,0.000,4.357
5.795,0.467,0.000,0.000,4.441
5.809,0.447,0.000,0.000,4.849
5.824,0.427,0.000,0.000,5.065
5.840,0.427,0.000,0.000,5.421
5.850,0.416,0.000,0.000,5.584
5.865,0.412,0.000,0.000,5.707
5.878,0.408,0.000,0.000,5.845
5.893,0.408,0.000,0.000,6.020
5.908,0.412,0.000,0.000,6.209
5.922,0.416,0.000,0.000,6.609
5.937,0.416,0.000,0.000,6.764
5.948,0.424,0.000,0.000,6.928
5.962,0.431,0.000,0.000,7.188
5.976,0.435,0.000,0.000,7.397
5.990,0.435,0.000,0.000,7.783
6.006,0.435,0.000,0.000,7.912
6.020,0.435,0.000,0.000,8.229
6.031,0.435,0.000,0.000,8.300
6.045,0.435,0.000,0.000,8.652
6.060,0.435,0.000,0.000,8.647
6.073,0.427,0.000,0.000,9.088
6.091,0.404,0.000,0.000,9.285
6.101,0.384,0.000,0.000,9.433
6.114,0.384,0.000,0.000,9.571
6.129,0.365,0.000,0.000,9.797
6.143,0.337,0.000,0.000,10.118
6.157,0.294,0.000,0.000,10.103
6.173,0.259,0.000,0.000,10.354
6.184,0.231,0.000,0.000,10.405
6.198,0.231,0.000,0.000,10.591
6.212,0.212,0.000,0.000,10.821
6.226,0.192,0.000,0.000,10.915
6.241,0.180,0.000,0.000,10.915
6.255,0.165,0.000,0.000,10.969
6.271,0.157,0.000,0.000,11.182
6.282,0.153,0.000,0.000,11.282
6.295,0.153,0.000,0.000,11.297
6.310,0.149,0.000,0.000,11.377
6.323,0.149,0.000,0.000,11.363
6.339,0.149,0.000,0.000,11.565
6.353,0.153,0.000,0.000,11.537
6.365,0.165,0.000,0.000,11.559
6.379,0.165,0.000,0.000,11.670
6.394,0.180,0.000,0.000,11.745
6.410,0.188,0.000,0.000,11.877
6.420,0.200,0.000,0.000,12.027
6.434,0.208,0.000,0.000,11.954
6.448,0.220,0.000,0.000,12.212
6.462,0.220,0.000,0.000,12.378
6.476,0.227,0.000,0.000,12.444
6.491,0.243,0.000,0.000,12.526
6.507,0.271,0.000,0.000,12.653
6.517,0.298,0.000,0.000,12.788
6.532,0.322,0.000,0.000,12.941
6.545,0.341,0.000,0.000,13.064
6.559,0.341,0.000,0.000,13.182
6.575,0.353,0.000,0.000,13.454
6.588,0.357,0.000,0.000,13.615
6.604,0.369,0.000,0.000,13.868
6.614,0.373,0.000,0.000,14.100
6.628,0.380,0.000,0.000,14.123
6.643,0.380,0.000,0.000,14.353
6.659,0.388,0.000,0.000,14.574
6.670,0.396,0.000,0.000,14.834
6.686,0.404,0.000,0.000,15.031
6.698,0.416,0.000,0.000,15.067
6.712,0.424,0.000,0.000,15.417
6.727,0.424,0.000,0.000,15.566
6.743,0.431,0.000,0.000,15.836
6.753,0.443,0.000,0.000,16.034
6.768,0.455,0.000,0.000,16.193
6.781,0.463,0.000,0.000,16.547
6.796,0.471,0.000,0.000,16.804
6.809,0.475,0.000,0.000,16.850
6.824,0.475,0.000,0.000,17.133
6.840,0.486,0.000,0.000,17.580
6.851,0.490,0.000,0.000,17.762
6.865,0.494,0.000,0.000,17.898
6.878,0.498,0.000,0.000,18.198
6.893,0.502,0.000,0.000,18.451
6.908,0.502,0.000,0.000,18.686
6.922,0.506,0.000,0.000,19.078
6.937,0.510,0.000,0.000,19.236
6.948,0.518,0.000,0.000,19.275
6.962,0.525,0.000,0.000,19.633
6.976,0.529,0.000,0.000,19.825
6.993,0.533,0.000,0.000,20.241
7.004,0.537,0.000,0.000,20.458
7.020,0.537,0.000,0.000,20.647
7.031,0.541,0.000,0.000,21.158
7.045,0.545,0.000,0.000,21.313
7.060,0.545,0.000,0.000,21.741
7.073,0.549,0.000,0.000,21.955
7.090,0.549,0.000,0.000,22.159
7.102,0.553,0.000,0.000,22.322
7.115,0.553,0.000,0.000,22.582
7.129,0.553,0.000,0.000,22.815
7.143,0.561,0.000,0.000,23.227
7.157,0.561,0.000,0.000,23.414
7.174,0.561,0.000,0.000,23.811
7.184,0.561,0.000,0.000,23.970
7.199,0.561,0.000,0.000,24.271
7.212,0.561,0.000,0.000,24.633
7.226,0.561,0.000,0.000,24.699
7.242,0.553,0.000,0.000,25.076
7.255,0.549,0.000,0.000,25.500
7.271,0.549,0.000,0.000,25.639
7.282,0.545,0.000,0.000,25.894
7.296,0.537,0.000,0.000,26.097
7.310,0.525,0.000,0.000,26.610
7.326,0.522,0.000,0.000,26.613
7.338,0.518,0.000,0.000,26.849
7.354,0.518,0.000,0.000,27.139
7.365,0.506,0.000,0.000,27.351
7.379,0.502,0.000,0.000,27.620
7.394,0.498,0.000,0.000,27.987
7.410,0.494,0.000,0.000,28.232
7.420,0.494,0.000,0.000,28.479
7.435,0.494,0.000,0.000,28.727
7.448,0.494,0.000,0.000,28.757
7.462,0.494,0.000,0.000,29.092
7.476,0.494,0.000,0.000,29.443
7.491,0.494,0.000,0.000,29.593
7.508,0.494,0.000,0.000,29.818
7.518,0.494,0.000,0.000,30.074
7.533,0.494,0.000,0.000,30.376
7.546,0.494,0.000,0.000,30.432
7.560,0.494,0.000,0.000,30.787
7.575,0.494,0.000,0.000,31.042
7.590,0.494,0.000,0.000,31.297
7.605,0.494,0.000,0.000,31.705
7.615,0.494,0.000,0.000,31.758
7.629,0.494,0.000,0.000,31.891
7.643,0.494,0.000,0.000,32.190
7.660,0.494,0.000,0.000,32.244
7.670,0.494,0.000,0.000,32.767
7.687,0.494,0.000,0.000,32.768
7.700,0.494,0.000,0.000,32.933
7.712,0.494,0.000,0.000,33.340
7.727,0.494,0.000,0.000,33.504
7.740,0.494,0.000,0.000,33.842
7.757,0.494,0.000,0.000,34.145
7.768,0.494,0.000,0.000,34.219
7.782,0.494,0.000,0.000,34.557
7.796,0.494,0.000,0.000,34.659
7.810,0.494,0.000,0.000,34.878
7.824,0.494,0.000,0.000,35.167
7.838,0.494,0.000,0.000,35.247
7.851,0.494,0.000,0.000,35.686
7.865,0.494,0.000,0.000,35.835
7.878,0.494,0.000,0.000,36.119
7.892,0.494,0.000,0.000,36.496
7.909,0.494,0.000,0.000,36.535
7.922,0.494,0.000,0.000,36.799
7.937,0.494,0.000,0.000,37.016
7.948,0.494,0.000,0.000,37.097
7.962,0.494,0.000,0.000,37.405
7.976,0.494,0.000,0.000,37.791
7.992,0.494,0.000,0.000,38.114
8.005,0.494,0.000,0.000,38.139
8.020,0.494,0.000,0.000,38.357
8.031,0.494,0.000,0.000,38.632
8.045,0.494,0.000,0.000,38.813
8.060,0.494,0.000,0.000,39.086
8.073,0.494,0.000,0.000,39.341
8.090,0.494,0.000,0.000,39.432
8.101,0.494,0.000,0.000,39.685
8.115,0.494,0.000,0.000,40.012
8.129,0.494,0.000,0.000,40.160
8.143,0.494,0.000,0.000,40.506
8.158,0.494,0.000,0.000,40.527
8.174,0.494,0.000,0.000,40.958
8.185,0.494,0.000,0.000,41.021
8.199,0.494,0.000,0.000,41.238
8.212,0.494,0.000,0.000,41.566
8.226,0.498,0.000,0.000,41.628
8.241,0.498,0.000,0.000,42.029
8.257,0.498,0.000,0.000,42.271
8.270,0.498,0.000,0.000,42.516
8.282,0.498,0.000,0.000,42.665
8.296,0.498,0.000,0.000,42.837
8.311,0.502,0.000,0.000,43.062
8.326,0.502,0.000,0.000,43.296
8.338,0.502,0.000,0.000,43.513
8.354,0.502,0.000,0.000,43.768
8.365,0.502,0.000,0.000,43.978
8.379,0.502,0.000,0.000,43.999
8.394,0.502,0.000,0.000,44.370
8.412,0.502,0.000,0.000,44.740
8.420,0.502,0.000,0.000,44.845
8.436,0.502,0.000,0.000,45.056
8.449,0.502,0.000,0.000,45.180
8.462,0.502,0.000,0.000,45.544
8.476,0.502,0.000,0.000,45.674
8.491,0.502,0.000,0.000,45.919
8.508,0.502,0.000,0.000,46.228
8.518,0.502,0.000,0.000,46.170
8.534,0.502,0.000,0.000,46.556
8.546,0.502,0.000,0.000,46.882
8.560,0.502,0.000,0.000,46.807
8.576,0.502,0.000,0.000,47.124
8.590,0.502,0.000,0.000,47.476
8.604,0.502,0.000,0.000,47.689
8.616,0.502,0.000,0.000,47.760
8.629,0.502,0.000,0.000,48.140
8.643,0.502,0.000,0.000,48.322
8.659,0.502,0.000,0.000,48.422
8.671,0.502,0.000,0.000,48.714
8.687,0.502,0.000,0.000,48.933
8.698,0.502,0.000,0.000,49.054
8.713,0.502,0.000,0.000,49.329
8.727,0.502,0.000,0.000,49.503
8.743,0.502,0.000,0.000,49.839
8.756,0.502,0.000,0.000,49.981
8.768,0.502,0.000,0.000,50.161
8.781,0.502,0.000,0.000,50.437
8.795,0.502,0.000,0.000,50.569
8.809,0.502,0.000,0.000,50.789
8.824,0.502,0.000,0.000,51.070
8.840,0.502,0.000,0.000,51.410
8.852,0.502,0.000,0.000,51.436
8.867,0.502,0.000,0.000,51.729
8.879,0.502,0.000,0.000,51.712
8.893,0.502,0.000,0.000,52.044
8.909,0.502,0.000,0.000,52.289
8.923,0.502,0.000,0.000,52.612
8.938,0.502,0.000,0.000,52.636
8.949,0.502,0.000,0.000,52.913
8.963,0.502,0.000,0.000,53.210
8.977,0.502,0.000,0.000,53.228
8.990,0.502,0.000,0.000,53.522
9.005,0.502,0.000,0.000,53.798
9.020,0.502,0.000,0.000,54.075
9.032,0.502,0.000,0.000,54.122
9.046,0.502,0.000,0.000,54.385
9.061,0.502,0.000,0.000,54.685
9.074,0.502,0.000,0.000,54.691
9.090,0.502,0.000,0.000,54.994
9.103,0.502,0.000,0.000,55.266
9.116,0.502,0.000,0.000,55.279
9.130,0.502,0.000,0.000,55.558
9.144,0.502,0.000,0.000,55.853
9.158,0.502,0.000,0.000,55.862
9.175,0.502,0.000,0.000,56.136
9.185,0.502,0.000,0.000,56.412
9.202,0.502,0.000,0.000,56.708
9.213,0.502,0.000,0.000,56.730
9.227,0.502,0.000,0.000,56.997
9.242,0.502,0.000,0.000,57.274
9.257,0.502,0.000,0.000,57.297
9.271,0.502,0.000,0.000,57.579
9.283,0.502,0.000,0.000,57.847
9.296,0.502,0.000,0.000,57.864
9.310,0.502,0.000,0.000,58.145
9.326,0.502,0.000,0.000,58.411
9.338,0.502,0.000,0.000,58.427
9.355,0.502,0.000,0.000,58.707
9.365,0.502,0.000,0.000,58.973
9.379,0.502,0.000,0.000,58.988
9.394,0.502,0.000,0.000,59.267
9.407,0.502,0.000,0.000,59.532
9.423,0.502,0.000,0.000,59.811
9.436,0.502,0.000,0.000,59.825
9.449,0.502,0.000,0.000,60.090
9.463,0.502,0.000,0.000,60.368
9.477,0.502,0.000,0.000,60.380
9.491,0.502,0.000,0.000,60.657
9.508,0.502,0.000,0.000,60.921
9.519,0.502,0.000,0.000,60.933
9.534,0.502,0.000,0.000,61.209
9.546,0.502,0.000,0.000,61.470
9.560,0.502,0.000,0.000,61.743
9.575,0.502,0.000,0.000,61.759
9.591,0.502,0.000,0.000,62.032
9.601,0.502,0.000,0.000,62.288
9.616,0.502,0.000,0.000,62.305
9.630,0.502,0.000,0.000,62.559
9.644,0.502,0.000,0.000,62.831
9.660,0.502,0.000,0.000,62.848
9.673,0.502,0.000,0.000,63.119
9.688,0.502,0.000,0.000,63.371
9.699,0.502,0.000,0.000,63.389
9.713,0.502,0.000,0.000,63.658
9.728,0.502,0.000,0.000,63.909
9.741,0.502,0.000,0.000,64.176
9.757,0.502,0.000,0.000,64.196
9.770,0.502,0.000,0.000,64.464
9.782,0.502,0.000,0.000,64.709
9.797,0.502,0.000,0.000,64.731
9.811,0.502,0.000,0.000,64.998
9.825,0.502,0.000,0.000,65.239
9.841,0.502,0.000,0.000,65.503
9.853,0.502,0.000,0.000,65.529
9.871,0.502,0.000,0.000,65.793
9.880,0.502,0.000,0.000,66.029
9.893,0.502,0.000,0.000,66.057
9.908,0.502,0.000,0.000,66.291
9.924,0.502,0.000,0.000,66.552
9.935,0.502,0.000,0.000,66.582
9.949,0.502,0.000,0.000,66.812
9.963,0.502,0.000,0.000,67.072
9.977,0.502,0.000,0.000,67.103
9.993,0.502,0.000,0.000,67.363
10.007,0.502,0.000,0.000,67.589
10.022,0.502,0.000,0.000,67.846
10.032,0.502,0.000,0.000,67.880
10.046,0.502,0.000,0.000,68.104
10.061,0.502,0.000,0.000,68.361
10.077,0.502,0.000,0.000,68.389
10.090,0.502,0.000,0.000,68.636
10.104,0.502,0.000,0.000,68.883
10.116,0.502,0.000,0.000,68.883
10.130,0.502,0.000,0.000,69.131
10.144,0.502,0.000,0.000,69.405
10.158,0.502,0.000,0.000,69.376
10.174,0.502,0.000,0.000,69.631
10.186,0.502,0.000,0.000,69.906
10.202,0.502,0.000,0.000,70.152
10.213,0.502,0.000,0.000,70.145
10.228,0.502,0.000,0.000,70.393
10.242,0.502,0.000,0.000,70.630
10.259,0.502,0.000,0.000,70.667
10.269,0.502,0.000,0.000,70.870
10.284,0.502,0.000,0.000,71.110
10.297,0.502,0.000,0.000,71.181
10.311,0.502,0.000,0.000,71.442
10.326,0.502,0.000,0.000,71.579
10.341,0.502,0.000,0.000,71.822
10.355,0.502,0.000,0.000,71.941
10.366,0.502,0.000,0.000,72.066
10.380,0.502,0.000,0.000,72.310
10.394,0.502,0.000,0.000,72.431
10.408,0.502,0.000,0.000,72.553
10.423,0.502,0.000,0.000,72.796
10.439,0.498,0.000,0.000,72.918
10.450,0.498,0.000,0.000,73.038
10.464,0.498,0.000,0.000,73.277
10.478,0.498,0.000,0.000,73.397
10.492,0.498,0.000,0.000,73.635
10.508,0.498,0.000,0.000,73.754
10.521,0.498,0.000,0.000,73.992
10.536,0.498,0.000,0.000,74.111
10.547,0.498,0.000,0.000,74.229
10.561,0.498,0.000,0.000,74.465
10.576,0.498,0.000,0.000,74.583
10.592,0.498,0.000,0.000,74.818
10.602,0.498,0.000,0.000,74.935
10.618,0.498,0.000,0.000,75.053
10.631,0.498,0.000,0.000,75.286
10.644,0.498,0.000,0.000,75.403
10.660,0.498,0.000,0.000,75.519
10.674,0.498,0.000,0.000,75.752
10.686,0.498,0.000,0.000,75.868
10.701,0.498,0.000,0.000,76.099
10.714,0.498,0.000,0.000,76.215
10.728,0.498,0.000,0.000,76.330
10.742,0.498,0.000,0.000,76.560
10.757,0.498,0.000,0.000,76.675
10.773,0.498,0.000,0.000,76.904
10.784,0.498,0.000,0.000,77.018
10.797,0.498,0.000,0.000,77.132
10.811,0.502,0.000,0.000,77.361
10.826,0.506,0.000,0.000,77.476
10.842,0.518,0.000,0.000,77.709
10.854,0.525,0.000,0.000,77.827
10.870,0.525,0.000,0.000,77.946
10.880,0.537,0.000,0.000,78.188
10.894,0.553,0.000,0.000,78.310
10.909,0.573,0.000,0.000,78.435
10.925,0.600,0.000,0.000,78.701
10.938,0.631,0.000,0.000,78.838
10.950,0.631,0.000,0.000,79.126
10.963,0.667,0.000,0.000,79.269
10.978,0.706,0.000,0.000,79.420
10.993,0.745,0.000,0.000,79.751
11.007,0.780,0.000,0.000,79.921
11.022,0.804,0.000,0.000,80.282
11.033,0.804,0.000,0.000,80.465
11.047,0.835,0.000,0.000,80.648
11.062,0.859,0.000,0.000,81.032
11.075,0.878,0.000,0.000,81.227
11.091,0.894,0.000,0.000,81.627
11.105,0.906,0.000,0.000,81.829
11.117,0.925,0.000,0.000,82.032
11.131,0.925,0.000,0.000,82.448
11.145,0.945,0.000,0.000,82.655
11.159,0.969,0.000,0.000,82.865
11.175,1.000,0.000,0.000,83.302
11.187,1.000,0.000,0.000,83.525
11.203,1.000,0.000,0.000,83.967
11.214,1.000,0.000,0.000,84.187
11.228,1.000,0.000,0.000,84.407
11.242,1.000,0.000,0.000,84.844
11.259,1.000,0.000,0.000,85.062
11.269,1.000,0.000,0.000,85.279
11.283,1.000,0.000,0.000,85.712
11.297,1.000,0.000,0.000,85.927
11.311,1.000,0.000,0.000,86.356
11.326,1.000,0.000,0.000,86.569
11.342,1.000,0.000,0.000,86.994
11.353,1.000,0.000,0.000,87.205
11.367,1.000,0.000,0.000,87.416
11.381,1.000,0.000,0.000,87.836
11.395,1.000,0.000,0.000,88.045
11.409,1.000,0.000,0.000,88.254
11.424,1.000,0.000,0.000,88.669
11.440,1.000,0.000,0.000,88.876
11.450,1.000,0.000,0.000,89.082
11.464,1.000,0.000,0.000,89.492
11.478,1.000,0.000,0.000,89.696
11.492,1.000,0.000,0.000,90.103
11.508,1.000,0.000,0.000,90.306
11.521,1.000,0.000,0.000,90.709
11.536,1.000,0.000,0.000,90.909
11.547,1.000,0.000,0.000,91.110
11.561,1.000,0.000,0.000,91.508
11.576,1.000,0.000,0.000,91.706
11.592,1.000,0.000,0.000,92.101
11.605,1.000,0.000,0.000,92.298
11.617,1.000,0.000,0.000,92.494
11.630,1.000,0.000,0.000,92.690
11.644,1.000,0.000,0.000,93.079
11.660,1.000,0.000,0.000,93.273
11.674,1.000,0.000,0.000,93.658
11.688,1.000,0.000,0.000,93.851
11.700,1.000,0.000,0.000,94.042
11.714,1.000,0.000,0.000,94.423
11.728,1.000,0.000,0.000,94.613
11.742,1.000,0.000,0.000,94.991
11.757,1.000,0.000,0.000,95.179
11.772,1.000,0.000,0.000,95.554
11.783,1.000,0.000,0.000,95.740
11.798,1.000,0.000,0.000,95.926
11.811,1.000,0.000,0.000,96.297
11.826,1.000,0.000,0.000,96.481
11.841,1.000,0.000,0.000,96.848
11.854,1.000,0.000,0.000,97.031
11.870,1.000,0.000,0.000,97.213
11.880,1.000,0.000,0.000,97.575
11.894,1.000,0.000,0.000,97.756
11.909,1.000,0.000,0.000,97.936
11.926,1.000,0.000,0.000,98.294
11.936,1.000,0.000,0.000,98.473
11.951,1.000,0.000,0.000,98.828
11.964,1.000,0.000,0.000,99.005
11.978,1.000,0.000,0.000,99.181
11.993,1.000,0.000,0.000,99.532
12.008,1.000,0.000,0.000,99.707
12.020,1.000,0.000,0.000,99.881
12.035,1.000,0.000,0.000,100.228
12.048,1.000,0.000,0.000,100.401
12.061,1.000,0.000,0.000,100.745
12.076,1.000,0.000,0.000,100.916
12.090,1.000,0.000,0.000,101.257
12.106,1.000,0.000,0.000,101.427
12.117,1.000,0.000,0.000,101.596
12.131,1.000,0.000,0.000,101.933
12.145,1.000,0.000,0.000,102.100
12.159,1.000,0.000,0.000,102.268
12.175,1.000,0.000,0.000,102.601
12.187,1.000,0.000,0.000,102.766
12.203,1.000,0.000,0.000,103.096
12.213,1.000,0.000,0.000,103.261
12.228,1.000,0.000,0.000,103.424
12.242,1.000,0.000,0.000,103.750
12.259,1.000,0.000,0.000,103.913
12.270,1.000,0.000,0.000,104.075
12.283,1.000,0.000,0.000,104.397
12.297,1.000,0.000,0.000,104.557
12.312,1.000,0.000,0.000,104.877
12.327,1.000,0.000,0.000,105.036
12.342,1.000,0.000,0.000,105.352
12.353,1.000,0.000,0.000,105.510
12.368,1.000,0.000,0.000,105.667
12.381,1.000,0.000,0.000,105.980
12.395,1.000,0.000,0.000,106.136
12.409,1.000,0.000,0.000,106.291
12.424,1.000,0.000,0.000,106.600
12.440,1.000,0.000,0.000,106.754
12.450,1.000,0.000,0.000,107.061
12.464,1.000,0.000,0.000,107.213
12.478,1.000,0.000,0.000,107.365
12.492,1.000,0.000,0.000,107.668
12.508,1.000,0.000,0.000,107.819
12.521,1.000,0.000,0.000,108.120
12.537,1.000,0.000,0.000,108.269
12.547,1.000,0.000,0.000,108.418
12.561,1.000,0.000,0.000,108.715
12.576,1.000,0.000,0.000,108.863
12.593,1.000,0.000,0.000,109.157
12.605,1.000,0.000,0.000,109.303
12.618,1.000,0.000,0.000,109.449
12.630,1.000,0.000,0.000,109.740
12.644,1.000,0.000,0.000,109.885
12.659,1.000,0.000,0.000,110.029
12.673,1.000,0.000,0.000,110.316
12.686,1.000,0.000,0.000,110.459
12.702,1.000,0.000,0.000,110.744
12.714,1.000,0.000,0.000,110.886
12.728,1.000,0.000,0.000,111.027
12.742,1.000,0.000,0.000,111.309
12.757,1.000,0.000,0.000,111.449
12.772,1.000,0.000,0.000,111.728
12.783,1.000,0.000,0.000,111.867
12.798,1.000,0.000,0.000,112.006
12.812,1.000,0.000,0.000,112.281
12.825,1.000,0.000,0.000,112.419
12.841,1.000,0.000,0.000,112.692
12.853,1.000,0.000,0.000,112.828
12.869,1.000,0.000,0.000,112.964
12.880,1.000,0.000,0.000,113.099
12.894,1.000,0.000,0.000,113.369
12.909,1.000,0.000,0.000,113.503
12.925,1.000,0.000,0.000,113.770
12.935,1.000,0.000,0.000,113.903
12.949,1.000,0.000,0.000,114.036
12.963,1.000,0.000,0.000,114.300
12.977,1.000,0.000,0.000,114.431
12.993,1.000,0.000,0.000,114.693
13.007,1.000,0.000,0.000,114.823
13.022,1.000,0.000,0.000,115.083
13.033,1.000,0.000,0.000,115.212
13.046,1.000,0.000,0.000,115.341
13.061,1.000,0.000,0.000,115.597
13.077,1.000,0.000,0.000,115.725
13.090,1.000,0.000,0.000,115.979
13.104,1.000,0.000,0.000,116.106
13.116,1.000,0.000,0.000,116.232
13.130,1.000,0.000,0.000,116.358
13.144,1.000,0.000,0.000,116.609
13.159,1.000,0.000,0.000,116.734
13.175,1.000,0.000,0.000,116.982
13.186,1.000,0.000,0.000,117.106
13.203,1.000,0.000,0.000,117.352
13.213,1.000,0.000,0.000,117.475
13.227,1.000,0.000,0.000,117.597
13.242,1.000,0.000,0.000,117.841
13.259,1.000,0.000,0.000,117.962
13.269,1.000,0.000,0.000,118.083
13.284,1.000,0.000,0.000,118.324
13.297,1.000,0.000,0.000,118.444
13.311,1.000,0.000,0.000,118.683
13.326,1.000,0.000,0.000,118.801
13.341,1.000,0.000,0.000,119.038
13.356,1.000,0.000,0.000,119.156
13.366,1.000,0.000,0.000,119.273
13.380,1.000,0.000,0.000,119.507
13.395,1.000,0.000,0.000,119.624
13.408,1.000,0.000,0.000,119.740
13.423,1.000,0.000,0.000,119.971
13.438,1.000,0.000,0.000,120.087
13.450,1.000,0.000,0.000,120.316
13.464,1.000,0.000,0.000,120.430
13.478,1.000,0.000,0.000,120.544
13.492,1.000,0.000,0.000,120.771
13.508,1.000,0.000,0.000,120.884
13.521,1.000,0.000,0.000,121.109
13.536,1.000,0.000,0.000,121.221
13.547,1.000,0.000,0.000,121.332
13.561,1.000,0.000,0.000,121.555
13.576,1.000,0.000,0.000,121.665
13.592,1.000,0.000,0.000,121.886
13.605,1.000,0.000,0.000,121.996
13.617,1.000,0.000,0.000,122.105
13.630,1.000,0.000,0.000,122.323
13.644,1.000,0.000,0.000,122.432
13.661,1.000,0.000,0.000,122.648
13.673,1.000,0.000,0.000,122.755
13.688,1.000,0.000,0.000,122.863
13.700,1.000,0.000,0.000,122.970
13.714,1.000,0.000,0.000,123.183
13.728,1.000,0.000,0.000,123.289
13.742,1.000,0.000,0.000,123.500
13.758,1.000,0.000,0.000,123.606
13.773,1.000,0.000,0.000,123.815
13.783,1.000,0.000,0.000,123.920
13.798,1.000,0.000,0.000,124.024
13.811,1.000,0.000,0.000,124.231
13.827,1.000,0.000,0.000,124.334
13.841,1.000,0.000,0.000,124.540
13.853,1.000,0.000,0.000,124.642
13.869,1.000,0.000,0.000,124.744
13.881,1.000,0.000,0.000,124.947
13.895,1.000,0.000,0.000,125.049
13.910,1.000,0.000,0.000,125.250
13.925,1.000,0.000,0.000,125.351
13.937,1.000,0.000,0.000,125.451
13.952,1.000,0.000,0.000,125.650
13.964,1.000,0.000,0.000,125.749
13.978,1.000,0.000,0.000,125.848
13.995,1.000,0.000,0.000,126.045
14.009,1.000,0.000,0.000,126.143
14.020,1.000,0.000,0.000,126.241
14.034,1.000,0.000,0.000,126.436
14.047,1.000,0.000,0.000,126.533
14.064,1.000,0.000,0.000,126.727
14.075,1.000,0.000,0.000,126.823
14.089,1.000,0.000,0.000,126.919
14.104,1.000,0.000,0.000,127.110
14.117,1.000,0.000,0.000,127.206
14.131,1.000,0.000,0.000,127.395
14.145,1.000,0.000,0.000,127.490
14.160,1.000,0.000,0.000,127.678
14.175,1.000,0.000,0.000,127.772
14.187,1.000,0.000,0.000,127.865
14.203,1.000,0.000,0.000,128.051
14.214,1.000,0.000,0.000,128.144
14.229,1.000,0.000,0.000,128.236
14.244,1.000,0.000,0.000,128.420
14.259,1.000,0.000,0.000,128.512
14.273,1.000,0.000,0.000,128.694
14.285,1.000,0.000,0.000,128.785
14.297,1.000,0.000,0.000,128.876
14.312,1.000,0.000,0.000,129.056
14.325,1.000,0.000,0.000,129.146
14.340,1.000,0.000,0.000,129.236
14.354,1.000,0.000,0.000,129.415
14.368,1.000,0.000,0.000,129.504
14.381,1.000,0.000,0.000,129.681
14.397,1.000,0.000,0.000,129.769
14.409,1.000,0.000,0.000,129.857
14.423,1.000,0.000,0.000,130.032
14.438,1.000,0.000,0.000,130.120
14.452,1.000,0.000,0.000,130.293
14.465,1.000,0.000,0.000,130.380
14.479,1.000,0.000,0.000,130.466
14.493,1.000,0.000,0.000,130.638
14.508,1.000,0.000,0.000,130.724
14.521,1.000,0.000,0.000,130.894
14.537,1.000,0.000,0.000,130.979
14.548,1.000,0.000,0.000,131.064
14.562,1.000,0.000,0.000,131.233
14.578,1.000,0.000,0.000,131.317
14.592,1.000,0.000,0.000,131.484
14.606,1.000,0.000,0.000,131.568
14.619,1.000,0.000,0.000,131.651
14.631,1.000,0.000,0.000,131.817
14.646,1.000,0.000,0.000,131.899
14.659,1.000,0.000,0.000,131.981
14.673,1.000,0.000,0.000,132.145
14.689,1.000,0.000,0.000,132.227
14.701,1.000,0.000,0.000,132.389
14.715,1.000,0.000,0.000,132.470
14.729,1.000,0.000,0.000,132.551
14.743,1.000,0.000,0.000,132.712
14.759,1.000,0.000,0.000,132.792
14.774,1.000,0.000,0.000,132.952
14.785,1.000,0.000,0.000,133.031
14.798,1.000,0.000,0.000,133.110
14.812,1.000,0.000,0.000,133.268
14.826,1.000,0.000,0.000,133.347
14.843,1.000,0.000,0.000,133.503
14.855,1.000,0.000,0.000,133.581
14.869,1.000,0.000,0.000,133.659
14.882,1.000,0.000,0.000,133.814
14.896,1.000,0.000,0.000,133.891
14.911,1.000,0.000,0.000,134.045
14.926,1.000,0.000,0.000,134.122
14.940,1.000,0.000,0.000,134.198
14.953,1.000,0.000,0.000,134.350
14.965,1.000,0.000,0.000,134.426
14.979,1.000,0.000,0.000,134.502
14.993,1.000,0.000,0.000,134.652
15.007,1.000,0.000,0.000,134.727
15.023,1.000,0.000,0.000,134.877
15.035,1.000,0.000,0.000,134.951
15.049,1.000,0.000,0.000,135.025
15.064,1.000,0.000,0.000,135.173
15.076,1.000,0.000,0.000,135.247
15.090,1.000,0.000,0.000,135.393
15.106,1.000,0.000,0.000,135.467
15.118,1.000,0.000,0.000,135.539
15.134,1.000,0.000,0.000,135.685
15.146,1.000,0.000,0.000,135.757
15.161,1.000,0.000,0.000,135.901
15.175,1.000,0.000,0.000,135.973
15.188,1.000,0.000,0.000,136.044
15.204,1.000,0.000,0.000,136.187
15.216,1.000,0.000,0.000,136.258
15.229,1.000,0.000,0.000,136.329
15.245,1.000,0.000,0.000,136.470
15.260,1.000,0.000,0.000,136.540
15.271,1.000,0.000,0.000,136.680
15.288,1.000,0.000,0.000,136.750
15.298,1.000,0.000,0.000,136.819
15.312,1.000,0.000,0.000,136.958
15.328,1.000,0.000,0.000,137.027
15.344,1.000,0.000,0.000,137.164
15.355,1.000,0.000,0.000,137.233
15.368,1.000,0.000,0.000,137.301
15.381,1.000,0.000,0.000,137.437
15.397,1.000,0.000,0.000,137.505
15.410,1.000,0.000,0.000,137.573
15.423,1.000,0.000,0.000,137.707
15.439,1.000,0.000,0.000,137.774
15.452,1.000,0.000,0.000,137.908
15.465,1.000,0.000,0.000,137.975
15.479,1.000,0.000,0.000,138.041
15.494,1.000,0.000,0.000,138.173
15.508,1.000,0.000,0.000,138.239
15.521,1.000,0.000,0.000,138.371
15.537,1.000,0.000,0.000,138.436
15.548,1.000,0.000,0.000,138.501
15.562,1.000,0.000,0.000,138.631
15.578,1.000,0.000,0.000,138.696
15.592,1.000,0.000,0.000,138.825
15.606,1.000,0.000,0.000,138.889
15.619,1.000,0.000,0.000,138.953
15.631,1.000,0.000,0.000,139.081
15.645,1.000,0.000,0.000,139.145
15.660,1.000,0.000,0.000,139.272
15.675,1.000,0.000,0.000,139.335
15.690,1.000,0.000,0.000,139.398
15.702,1.000,0.000,0.000,139.523
15.715,1.000,0.000,0.000,139.586
15.730,1.000,0.000,0.000,139.710
15.743,1.000,0.000,0.000,139.772
15.757,1.000,0.000,0.000,139.834
15.773,1.000,0.000,0.000,139.957
15.785,1.000,0.000,0.000,140.019
15.799,1.000,0.000,0.000,140.080
15.813,1.000,0.000,0.000,140.202
15.827,1.000,0.000,0.000,140.263
15.842,1.000,0.000,0.000,140.384
15.854,1.000,0.000,0.000,140.444
15.870,1.000,0.000,0.000,140.564
15.882,1.000,0.000,0.000,140.624
15.896,1.000,0.000,0.000,140.684
15.911,1.000,0.000,0.000,140.803
15.926,1.000,0.000,0.000,140.862
15.938,1.000,0.000,0.000,140.922
15.954,1.000,0.000,0.000,141.039
15.965,1.000,0.000,0.000,141.098
15.979,1.000,0.000,0.000,141.157
15.995,1.000,0.000,0.000,141.273
16.010,1.000,0.000,0.000,141.332
16.022,1.000,0.000,0.000,141.447
16.035,1.000,0.000,0.000,141.505
16.048,1.000,0.000,0.000,141.563
16.063,1.000,0.000,0.000,141.677
16.076,1.000,0.000,0.000,141.734
16.090,1.000,0.000,0.000,141.848
16.105,1.000,0.000,0.000,141.905
16.119,1.000,0.000,0.000,141.962
16.132,1.000,0.000,0.000,142.074
16.146,1.000,0.000,0.000,142.130
16.161,1.000,0.000,0.000,142.242
16.175,1.000,0.000,0.000,142.298
16.187,1.000,0.000,0.000,142.354
16.204,1.000,0.000,0.000,142.465
16.215,1.000,0.000,0.000,142.520
16.229,1.000,0.000,0.000,142.575
16.244,1.000,0.000,0.000,142.685
16.259,1.000,0.000,0.000,142.739
16.271,1.000,0.000,0.000,142.848
16.287,1.000,0.000,0.000,142.902
16.298,1.000,0.000,0.000,142.957
16.312,1.000,0.000,0.000,143.064
16.328,1.000,0.000,0.000,143.118
16.343,1.000,0.000,0.000,143.225
16.355,1.000,0.000,0.000,143.279
16.368,1.000,0.000,0.000,143.332
16.381,1.000,0.000,0.000,143.438
16.397,1.000,0.000,0.000,143.491
16.409,1.000,0.000,0.000,143.543
16.423,1.000,0.000,0.000,143.648
16.438,1.000,0.000,0.000,143.701
16.451,1.000,0.000,0.000,143.805
16.465,1.000,0.000,0.000,143.857
16.479,1.000,0.000,0.000,143.909
16.494,1.000,0.000,0.000,144.012
16.508,1.000,0.000,0.000,144.063
16.521,1.000,0.000,0.000,144.166
16.537,1.000,0.000,0.000,144.217
16.549,1.000,0.000,0.000,144.027
16.562,1.000,0.000,0.000,144.136
16.577,1.000,0.000,0.000,144.187
16.593,1.000,0.000,0.000,144.289
16.604,1.000,0.000,0.000,144.340
16.621,1.000,0.000,0.000,144.441
16.631,1.000,0.000,0.000,144.491
16.645,1.000,0.000,0.000,144.541
16.661,1.000,0.000,0.000,144.641
16.676,1.000,0.000,0.000,144.691
16.688,1.000,0.000,0.000,144.741
16.702,1.000,0.000,0.000,144.840
16.715,1.000,0.000,0.000,144.890
16.730,1.000,0.000,0.000,144.939
16.743,1.000,0.000,0.000,145.037
16.756,1.000,0.000,0.000,145.086
16.773,1.000,0.000,0.000,145.184
16.785,1.000,0.000,0.000,145.232
16.798,1.000,0.000,0.000,145.281
16.812,1.000,0.000,0.000,145.378
16.826,1.000,0.000,0.000,145.426
16.843,1.000,0.000,0.000,145.522
16.856,1.000,0.000,0.000,145.570
16.867,1.000,0.000,0.000,145.617
16.882,1.000,0.000,0.000,145.712
16.896,1.000,0.000,0.000,145.760
16.911,1.000,0.000,0.000,145.854
16.925,1.000,0.000,0.000,145.901
16.940,1.000,0.000,0.000,145.948
16.952,1.000,0.000,0.000,146.042
16.965,1.000,0.000,0.000,146.088
16.979,1.000,0.000,0.000,146.135
16.993,1.000,0.000,0.000,146.228
17.007,1.000,0.000,0.000,146.274
17.023,1.000,0.000,0.000,146.366
17.036,1.000,0.000,0.000,146.412
17.049,1.000,0.000,0.000,146.457
17.063,1.000,0.000,0.000,146.549
17.077,1.000,0.000,0.000,146.594
17.091,1.000,0.000,0.000,146.684
17.106,1.000,0.000,0.000,146.730
17.119,1.000,0.000,0.000,146.775
17.132,1.000,0.000,0.000,146.864
17.146,1.000,0.000,0.000,146.909
17.160,1.000,0.000,0.000,146.998
17.174,1.000,0.000,0.000,147.042
17.191,1.000,0.000,0.000,147.131
17.201,1.000,0.000,0.000,147.175
17.216,1.000,0.000,0.000,147.219
17.229,1.000,0.000,0.000,147.263
17.243,0.992,0.000,0.000,147.350
17.260,0.914,0.000,0.000,147.393
17.271,0.847,0.000,0.000,147.466
17.285,0.847,0.000,0.000,147.500
17.298,0.784,0.000,0.000,147.533
17.312,0.741,0.000,0.000,147.591
17.326,0.710,0.000,0.000,147.617
17.340,0.690,0.000,0.000,147.642
17.356,0.682,0.000,0.000,147.688
17.369,0.671,0.000,0.000,147.711
17.382,0.671,0.000,0.000,147.755
17.397,0.659,0.000,0.000,147.776
17.410,0.651,0.000,0.000,147.798
17.424,0.624,0.000,0.000,147.837
17.439,0.592,0.000,0.000,147.856
17.452,0.553,0.000,0.000,147.888
17.465,0.553,0.000,0.000,147.902
17.479,0.518,0.000,0.000,147.916
17.494,0.475,0.000,0.000,147.938
17.508,0.424,0.000,0.000,147.947
17.521,0.373,0.000,0.000,147.957
17.537,0.337,0.000,0.000,147.960
17.549,0.337,0.000,0.000,147.961
17.562,0.302,0.000,0.000,147.960
17.577,0.267,0.000,0.000,147.958
17.592,0.247,0.000,0.000,147.950
17.605,0.227,0.000,0.000,147.945
17.621,0.204,0.000,0.000,147.931
17.631,0.169,0.000,0.000,147.923
17.645,0.169,0.000,0.000,147.913
17.661,0.125,0.000,0.000,147.891
17.676,0.078,0.000,0.000,147.878
17.688,0.047,0.000,0.000,147.863
17.701,0.016,0.000,0.000,147.826
17.715,0.000,0.000,0.000,147.807
17.729,0.000,0.000,0.000,147.786
17.743,0.000,0.000,0.000,147.745
17.757,0.000,0.000,0.000,147.724
17.771,0.000,0.000,0.000,147.682
17.785,0.000,0.000,0.000,147.661
17.799,0.000,0.000,0.000,147.641
17.812,0.000,0.000,0.000,147.599
17.826,0.000,0.000,0.000,147.578
17.842,0.000,0.000,0.000,147.537
17.857,0.000,0.000,0.000,147.516
17.867,0.000,0.000,0.000,147.495
17.882,0.000,0.000,0.000,147.454
17.895,0.000,0.000,0.000,147.433
17.910,0.000,0.000,0.000,147.392
17.925,0.000,0.000,0.000,147.371
17.939,0.000,0.000,0.000,147.350
17.951,0.000,0.000,0.000,147.309
17.965,0.000,0.000,0.000,147.288
17.979,0.000,0.024,0.000,147.267
17.993,0.000,0.024,0.000,147.226
18.008,0.000,0.075,0.000,147.205
18.022,0.000,0.125,0.000,146.583
18.035,0.000,0.153,0.000,145.812
18.049,0.000,0.176,0.000,145.041
18.063,0.000,0.192,0.000,143.500
18.076,0.000,0.192,0.000,142.729
18.090,0.000,0.192,0.000,141.188
18.106,0.000,0.192,0.000,140.418
18.119,0.000,0.192,0.000,139.648
18.132,0.000,0.192,0.000,138.108
18.146,0.000,0.192,0.000,137.338
18.160,0.000,0.192,0.000,135.799
18.175,0.000,0.192,0.000,135.029
18.188,0.000,0.184,0.000,134.260
18.203,0.000,0.176,0.000,132.721
18.215,0.000,0.173,0.000,131.952
18.229,0.000,0.157,0.000,131.183
18.244,0.000,0.149,0.000,129.645
18.259,0.000,0.141,0.000,128.876
18.271,0.000,0.141,0.000,127.339
18.288,0.000,0.122,0.000,126.570
18.299,0.000,0.098,0.000,125.802
18.312,0.000,0.051,0.000,125.619
18.328,0.000,0.008,0.000,125.601
18.342,0.000,0.000,0.000,125.566
18.354,0.000,0.000,0.000,125.548
18.368,0.000,0.000,0.000,125.530
18.382,0.000,0.000,0.000,125.495
18.396,0.000,0.000,0.000,125.477
18.409,0.000,0.000,0.000,125.460
18.423,0.000,0.000,0.000,125.424
18.439,0.000,0.000,0.000,125.407
18.452,0.000,0.000,0.000,125.371
18.465,0.000,0.000,0.000,125.354
18.479,0.000,0.000,0.000,125.336
18.493,0.000,0.000,0.000,125.301
18.508,0.000,0.000,0.000,125.283
18.521,0.000,0.000,0.000,125.248
18.537,0.000,0.000,0.000,125.230
18.548,0.000,0.000,0.000,125.213
18.562,0.000,0.000,0.000,125.178
18.577,0.000,0.000,0.000,125.160
18.592,0.000,0.000,0.000,125.125
18.605,0.000,0.000,0.000,125.107
18.620,0.000,0.000,0.000,125.072
18.631,0.000,0.000,0.000,125.054
18.645,0.000,0.000,0.000,125.037
18.661,0.000,0.000,0.000,125.002
18.675,0.000,0.000,0.000,124.984
18.688,0.000,0.000,0.000,124.966
18.701,0.000,0.000,0.000,124.931
18.715,0.000,0.000,0.000,124.914
18.729,0.000,0.000,0.000,124.896
18.743,0.000,0.000,0.000,124.861
18.757,0.000,0.000,0.000,124.844
18.772,0.000,0.000,0.000,124.808
18.785,0.000,0.000,0.000,124.791
18.798,0.000,0.000,0.000,124.773
18.812,0.000,0.000,0.000,124.738
18.827,0.000,0.000,0.000,124.721
18.841,0.000,0.000,0.000,124.686
18.853,0.000,0.000,0.000,124.668
18.870,0.000,0.000,0.000,124.650
18.881,0.000,0.000,0.000,124.615
18.895,0.000,0.000,0.000,124.598
18.910,0.000,0.000,0.000,124.563
18.925,0.000,0.000,0.000,124.545
18.939,0.000,0.000,0.000,124.528
18.951,0.000,0.000,0.000,124.493
18.965,0.000,0.000,0.000,124.475
18.979,0.000,0.000,0.000,124.458
18.993,0.000,0.000,0.000,124.423
19.008,0.000,0.000,0.000,124.405
19.022,0.000,0.000,0.000,124.370
19.034,0.000,0.000,0.000,124.353
19.048,0.000,0.000,0.000,124.335
19.062,0.000,0.000,0.000,124.300
19.076,0.000,0.000,0.000,124.283
19.090,0.000,0.000,0.000,124.265
19.104,0.000,0.000,0.000,124.231
19.118,0.000,0.000,0.000,124.213
19.133,0.000,0.000,0.000,124.178
19.145,0.000,0.000,0.000,124.161
19.160,0.000,0.000,0.000,124.126
19.174,0.000,0.000,0.000,124.108
19.187,0.000,0.000,0.000,124.091
19.203,0.000,0.000,0.000,124.056
19.215,0.000,0.000,0.000,124.039
19.229,0.000,0.000,0.000,124.021
19.244,0.000,0.000,0.000,123.986
19.259,0.000,0.000,0.000,123.969
19.273,0.000,0.000,0.000,123.934
19.285,0.000,0.000,0.000,123.917
19.298,0.000,0.000,0.000,123.899
19.313,0.000,0.000,0.000,123.864
19.326,0.000,0.000,0.000,123.847
19.340,0.000,0.000,0.000,123.812
19.355,0.000,0.000,0.000,123.795
19.368,0.000,0.000,0.000,123.777
19.381,0.000,0.000,0.000,123.743
19.396,0.000,0.000,0.000,123.725
19.410,0.000,0.000,0.000,123.708
19.424,0.000,0.000,0.000,123.673
19.438,0.000,0.000,0.000,123.656
19.451,0.000,0.000,0.000,123.621
19.465,0.000,0.000,0.000,123.603
19.479,0.000,0.000,0.000,123.586
19.494,0.000,0.000,0.000,123.551
19.507,0.000,0.000,0.000,123.534
19.521,0.000,0.000,0.000,123.499
19.536,0.000,0.000,0.000,123.482
19.549,0.000,0.000,0.000,123.465
19.562,0.000,0.000,0.000,123.430
19.577,0.000,0.000,0.000,123.412
19.592,0.000,0.000,0.000,123.378
19.604,0.000,0.000,0.000,123.360
19.620,0.000,0.000,0.000,123.326
19.631,0.000,0.000,0.000,123.308
19.645,0.000,0.000,0.000,123.291
19.661,0.000,0.000,0.000,123.256
19.676,0.000,0.000,0.000,123.239
19.687,0.000,0.000,0.000,123.222
19.701,0.000,0.000,0.000,123.187
19.715,0.000,0.000,0.000,123.170
19.729,0.000,0.000,0.000,123.152
19.743,0.000,0.000,0.000,123.118
19.757,0.000,0.000,0.000,123.100
19.771,0.000,0.000,0.000,123.066
19.785,0.000,0.000,0.000,123.048
19.798,0.000,0.000,0.000,123.031
19.812,0.000,0.000,0.000,122.996
19.827,0.000,0.000,0.000,122.979
19.841,0.000,0.000,0.000,122.944
19.854,0.000,0.000,0.000,122.927
19.871,0.000,0.000,0.000,122.892
19.882,0.000,0.000,0.000,122.875
19.895,0.000,0.000,0.000,122.858
19.910,0.000,0.000,0.000,122.841
19.925,0.000,0.000,0.000,122.806
19.940,0.000,0.000,0.000,122.789
19.952,0.000,0.000,0.000,122.754
19.964,0.000,0.000,0.000,122.737
19.979,0.000,0.000,0.000,122.720
19.992,0.000,0.000,0.000,122.685
20.006,0.000,0.000,0.000,122.668
20.022,0.000,0.000,0.000,122.633
20.035,0.000,0.000,0.000,122.616
20.048,0.000,0.000,0.000,122.599
20.063,0.000,0.000,0.000,122.565
20.076,0.000,0.000,0.000,122.547
20.090,0.000,0.000,0.000,122.530
20.105,0.000,0.000,0.000,122.496
20.118,0.000,0.000,0.000,122.478
20.132,0.000,0.000,0.000,122.444
20.145,0.000,0.000,0.000,122.427
20.160,0.000,0.000,0.000,122.410
20.174,0.000,0.000,0.000,122.375
20.187,0.000,0.000,0.000,122.358
20.203,0.000,0.000,0.000,122.324
20.215,0.000,0.000,0.000,122.306
20.229,0.000,0.000,0.000,122.289
20.244,0.000,0.000,0.000,122.255
20.259,0.000,0.000,0.000,122.238
20.271,0.000,0.000,0.000,122.203
20.287,0.000,0.000,0.000,122.186
20.298,0.000,0.000,0.000,122.169
20.312,0.000,0.000,0.000,122.135
20.328,0.000,0.000,0.000,122.117
20.342,0.000,0.000,0.000,122.083
20.354,0.000,0.000,0.000,122.066
20.367,0.000,0.000,0.000,122.049
20.381,0.000,0.000,0.000,122.015
20.396,0.000,0.000,0.000,121.997
20.409,0.000,0.000,0.000,121.980
20.424,0.000,0.000,0.000,121.946
20.438,0.000,0.000,0.000,121.929
20.451,0.000,0.000,0.000,121.895
20.465,0.000,0.000,0.000,121.877
20.479,0.000,0.000,0.000,121.860
20.493,0.000,0.000,0.000,121.826
20.508,0.000,0.000,0.000,121.809
20.520,0.000,0.000,0.000,121.775
20.537,0.000,0.000,0.000,121.757
20.548,0.000,0.000,0.000,121.740
20.562,0.000,0.000,0.000,121.706
20.577,0.000,0.000,0.000,121.689
20.592,0.000,0.000,0.000,121.655
20.606,0.000,0.000,0.000,121.638
20.618,0.000,0.000,0.000,121.621
20.631,0.000,0.000,0.000,121.586
20.645,0.000,0.000,0.000,121.569
20.660,0.000,0.000,0.000,121.552
20.674,0.000,0.000,0.000,121.518
20.689,0.000,0.000,0.000,121.501
20.701,0.000,0.000,0.000,121.467
20.715,0.000,0.000,0.000,121.450
20.730,0.000,0.000,0.000,121.432
20.742,0.000,0.000,0.000,121.398
20.757,0.000,0.000,0.000,121.381
20.771,0.000,0.000,0.000,121.347
20.785,0.055,0.000,0.000,121.330
20.798,0.149,0.000,0.000,121.318
20.812,0.247,0.000,0.000,121.330
20.827,0.345,0.000,0.000,121.345
20.841,0.443,0.000,0.000,121.406
20.854,0.443,0.000,0.000,121.446
20.870,0.549,0.000,0.000,121.486
20.882,0.620,0.000,0.000,121.597
20.896,0.682,0.000,0.000,121.659
20.910,0.725,0.000,0.000,121.801
20.926,0.765,0.000,0.000,121.876
20.937,0.792,0.000,0.000,121.955
20.954,0.792,0.000,0.000,122.121
20.965,0.816,0.000,0.000,122.204
20.979,0.835,0.000,0.000,122.289
20.994,0.851,0.000,0.000,122.465
21.009,0.875,0.000,0.000,122.555
21.021,0.898,0.000,0.000,122.741
21.035,0.898,0.000,0.000,122.835
21.048,0.922,0.000,0.000,122.930
21.063,0.949,0.000,0.000,123.126
21.076,0.984,0.000,0.000,123.226
21.090,1.000,0.000,0.000,123.329
21.105,1.000,0.000,0.000,123.540
21.118,1.000,0.000,0.000,123.645
21.132,1.000,0.000,0.000,123.854
21.146,1.000,0.000,0.000,123.959
21.160,1.000,0.000,0.000,124.166
21.174,1.000,0.000,0.000,124.270
21.187,1.000,0.000,0.000,124.373
21.203,1.000,0.000,0.000,124.578
21.215,1.000,0.000,0.000,124.680
21.229,1.000,0.000,0.000,124.782
21.244,1.000,0.000,0.000,124.985
21.259,1.000,0.000,0.000,125.086
21.273,1.000,0.000,0.000,125.288
21.285,1.000,0.000,0.000,125.388
21.298,1.000,0.000,0.000,125.488
21.312,1.000,0.000,0.000,125.687
21.326,1.000,0.000,0.000,125.786
21.340,1.000,0.000,0.000,125.984
21.357,1.000,0.000,0.000,126.082
21.369,1.000,0.000,0.000,126.180
21.381,1.000,0.000,0.000,126.375
21.396,1.000,0.000,0.000,126.473
21.410,1.000,0.000,0.000,126.570
21.423,1.000,0.000,0.000,126.763
21.439,1.000,0.000,0.000,126.859
21.452,1.000,0.000,0.000,127.051
21.465,1.000,0.000,0.000,127.146
21.479,1.000,0.000,0.000,127.241
21.493,1.000,0.000,0.000,127.431
21.508,1.000,0.000,0.000,127.525
21.521,1.000,0.000,0.000,127.713
21.537,1.000,0.000,0.000,127.807
21.548,1.000,0.000,0.000,127.900
21.562,1.000,0.000,0.000,128.086
21.577,1.000,0.000,0.000,128.178
21.592,1.000,0.000,0.000,128.363
21.605,1.000,0.000,0.000,128.454
21.620,1.000,0.000,0.000,128.637
21.631,1.000,0.000,0.000,128.728
21.645,1.000,0.000,0.000,128.819
21.661,1.000,0.000,0.000,129.000
21.675,1.000,0.000,0.000,129.090
21.687,1.000,0.000,0.004,129.180
21.701,1.000,0.000,0.004,129.359
21.715,1.000,0.000,0.004,129.448
21.730,1.000,0.000,0.004,129.537
21.742,1.000,0.000,0.004,129.713
21.757,1.000,0.000,0.004,129.801
21.772,1.000,0.000,0.004,129.977
21.785,1.000,0.000,0.009,130.064
21.800,1.000,0.000,0.009,130.151
21.813,1.000,0.000,0.013,130.324
21.827,1.000,0.000,0.018,130.410
21.841,1.000,0.000,0.022,130.579
21.854,1.000,0.000,0.022,130.663
21.870,1.000,0.000,0.026,130.829
21.882,1.000,0.000,0.031,130.911
21.896,1.000,0.000,0.031,130.992
21.910,1.000,0.000,0.040,131.151
21.925,1.000,0.000,0.053,131.228
21.938,1.000,0.000,0.062,131.300
21.953,1.000,0.000,0.062,131.433
21.965,1.000,0.000,0.070,131.500
21.979,1.000,0.000,0.084,131.561
21.994,1.000,0.000,0.092,131.656
22.009,1.000,0.000,0.097,131.700
22.020,1.000,0.000,0.105,131.773
22.034,1.000,0.000,0.105,131.805
22.048,1.000,0.000,0.110,131.837
22.062,1.000,0.000,0.114,131.884
22.076,1.000,0.000,0.123,131.904
22.092,1.000,0.000,0.127,131.916
22.106,1.000,0.000,0.136,131.918
22.118,1.000,0.000,0.136,131.910
22.131,1.000,0.000,0.136,131.887
22.145,1.000,0.000,0.141,131.872
22.159,1.000,0.000,0.145,131.852
22.176,1.000,0.000,0.149,131.796
22.189,1.000,0.000,0.149,131.763
22.201,1.000,0.000,0.154,131.688
22.215,1.000,0.000,0.154,131.647
22.229,0.973,0.000,0.158,131.603
22.244,0.918,0.000,0.163,131.494
22.259,0.890,0.000,0.167,131.431
22.271,0.863,0.000,0.167,131.290
22.287,0.863,0.000,0.167,131.214
22.298,0.816,0.000,0.171,131.138
22.312,0.769,0.000,0.171,130.965
22.328,0.725,0.000,0.171,130.873
22.343,0.698,0.000,0.171,130.677
22.353,0.682,0.000,0.167,130.576
22.367,0.682,0.000,0.167,130.474
22.381,0.678,0.000,0.167,130.270
22.395,0.678,0.000,0.163,130.167
22.409,0.678,0.000,0.163,130.066
22.425,0.678,0.000,0.158,129.867
22.441,0.675,0.000,0.154,129.673
22.450,0.667,0.000,0.145,129.578
22.464,0.667,0.000,0.145,129.486
22.478,0.655,0.000,0.141,129.396
22.492,0.647,0.000,0.136,129.220
22.509,0.635,0.000,0.127,129.135
22.521,0.627,0.000,0.119,128.977
22.535,0.624,0.000,0.105,128.903
22.548,0.624,0.000,0.097,128.839
22.562,0.624,0.000,0.097,128.733
22.577,0.627,0.000,0.084,128.681
22.592,0.631,0.000,0.075,128.614
22.606,0.635,0.000,0.066,128.587
22.618,0.635,0.000,0.053,128.567
22.630,0.639,0.000,0.044,128.561
22.645,0.639,0.000,0.044,128.561
22.659,0.639,0.000,0.031,128.561
22.672,0.639,0.000,0.022,128.589
22.689,0.639,0.000,0.004,128.606
22.700,0.639,0.000,0.000,128.662
22.714,0.639,0.000,0.000,128.692
22.731,0.639,0.000,0.000,128.757
22.742,0.635,0.000,0.000,128.792
22.756,0.631,0.000,-0.009,128.829
22.771,0.620,0.000,-0.018,128.910
22.785,0.608,0.000,-0.026,128.952
22.798,0.596,0.000,-0.035,128.995
22.812,0.576,0.000,-0.044,129.075
22.827,0.576,0.000,-0.044,129.114
22.841,0.561,0.000,-0.048,129.191
22.854,0.541,0.000,-0.061,129.229
22.870,0.510,0.000,-0.070,129.260
22.882,0.482,0.000,-0.083,129.297
22.895,0.435,0.000,-0.092,129.309
22.911,0.435,0.000,-0.092,129.313
22.925,0.376,0.000,-0.101,129.314
22.939,0.306,0.000,-0.114,129.303
22.952,0.235,0.000,-0.127,129.219
22.964,0.161,0.000,-0.136,129.163
22.978,0.082,0.000,-0.149,129.093
22.993,0.024,0.000,-0.163,128.900
23.006,0.024,0.000,-0.163,128.783
23.022,0.000,0.000,-0.185,128.531
23.034,0.000,0.000,-0.193,128.392
23.047,0.000,0.000,-0.207,128.247
23.063,0.000,0.000,-0.220,127.946
23.075,0.000,0.000,-0.233,127.775
23.090,0.000,0.000,-0.233,127.598
23.104,0.000,0.000,-0.246,127.228
23.118,0.000,0.000,-0.259,127.037
23.132,0.000,0.000,-0.272,126.646
23.146,0.000,0.000,-0.286,126.444
23.159,0.000,0.000,-0.303,126.243
23.176,0.000,0.000,-0.321,125.833
23.188,0.000,0.000,-0.338,125.621
23.201,0.000,0.000,-0.338,125.205
23.215,0.000,0.000,-0.356,124.996
23.228,0.000,0.000,-0.374,124.795
23.244,0.000,0.000,-0.395,124.401
23.259,0.000,0.000,-0.413,124.199
23.270,0.000,0.000,-0.431,123.813
23.285,0.000,0.000,-0.431,123.614
23.297,0.000,0.000,-0.448,123.417
23.311,0.000,0.000,-0.450,123.033
23.328,0.000,0.000,-0.450,122.839
23.341,0.000,0.000,-0.450,122.457
23.352,0.000,0.000,-0.450,122.269
23.368,0.000,0.000,-0.450,122.082
23.380,0.000,0.000,-0.450,121.713
23.394,0.000,0.000,-0.450,121.530
23.409,0.000,0.000,-0.450,121.348
23.425,0.000,0.000,-0.450,120.987
23.439,0.000,0.000,-0.450,120.808
23.450,0.000,0.000,-0.450,120.629
23.464,0.000,0.000,-0.450,120.273
23.478,0.000,0.000,-0.450,120.096
23.492,0.000,0.000,-0.450,119.741
23.508,0.000,0.000,-0.450,119.564
23.520,0.000,0.000,-0.450,119.210
23.534,0.000,0.000,-0.450,119.033
23.547,0.000,0.000,-0.450,118.857
23.561,0.000,0.000,-0.450,118.503
23.575,0.000,0.000,-0.450,118.325
23.590,0.000,0.000,-0.450,118.148
23.604,0.000,0.000,-0.450,117.793
23.617,0.000,0.000,-0.450,117.616
23.631,0.000,0.000,-0.450,117.260
23.645,0.000,0.000,-0.450,117.082
23.660,0.000,0.000,-0.450,116.904
23.672,0.000,0.000,-0.450,116.548
23.688,0.000,0.000,-0.450,116.370
23.700,0.000,0.000,-0.450,116.192
23.714,0.000,0.000,-0.450,115.835
23.729,0.000,0.000,-0.450,115.656
23.742,0.000,0.000,-0.450,115.299
23.756,0.000,0.000,-0.450,115.120
23.770,0.000,0.000,-0.450,114.763
23.784,0.000,0.000,-0.450,114.584
23.798,0.000,0.000,-0.450,114.406
23.811,0.000,0.000,-0.450,114.048
23.826,0.000,0.000,-0.450,113.870
23.841,0.000,0.000,-0.450,113.513
23.854,0.000,0.000,-0.450,113.334
23.869,0.000,0.000,-0.450,113.156
23.881,0.000,0.000,-0.450,112.799
23.895,0.000,0.000,-0.450,112.620
23.910,0.000,0.000,-0.450,112.264
23.925,0.000,0.000,-0.450,112.085
23.938,0.000,0.000,-0.450,111.907
23.952,0.000,0.000,-0.450,111.551
23.963,0.000,0.000,-0.450,111.373
23.978,0.000,0.000,-0.450,111.195
23.991,0.000,0.000,-0.450,110.839
24.006,0.000,0.000,-0.450,110.661
24.020,0.000,0.000,-0.450,110.484
24.034,0.000,0.000,-0.450,110.128
24.047,0.000,0.000,-0.450,109.950
24.062,0.000,0.000,-0.450,109.595
24.076,0.000,0.000,-0.450,109.418
24.090,0.000,0.000,-0.450,109.063
24.104,0.000,0.000,-0.450,108.885
24.117,0.000,0.000,-0.450,108.708
24.131,0.000,0.000,-0.450,108.353
24.145,0.000,0.000,-0.450,108.176
24.160,0.000,0.000,-0.450,107.822
24.174,0.000,0.000,-0.450,107.645
24.187,0.000,0.000,-0.450,107.468
24.203,0.000,0.000,-0.450,107.114
24.214,0.000,0.000,-0.450,106.937
24.228,0.000,0.000,-0.450,106.760
24.243,0.000,0.000,-0.450,106.406
24.259,0.000,0.000,-0.450,106.229
24.270,0.000,0.000,-0.450,106.052
24.285,0.000,0.000,-0.450,105.698
24.298,0.000,0.000,-0.450,105.521
24.312,0.000,0.000,-0.450,105.168
24.328,0.000,0.000,-0.450,104.991
24.341,0.000,0.000,-0.450,104.638
24.353,0.000,0.000,-0.450,104.461
24.367,0.000,0.000,-0.450,104.285
24.380,0.000,0.000,-0.450,103.932
24.396,0.000,0.000,-0.450,103.755
24.408,0.000,0.000,-0.450,103.578
24.423,0.000,0.000,-0.450,103.225
24.436,0.000,0.000,-0.450,103.049
24.451,0.000,0.000,-0.450,102.696
24.464,0.000,0.000,-0.450,102.520
24.478,0.000,0.000,-0.450,102.343
24.493,0.000,0.000,-0.450,101.991
24.508,0.000,0.000,-0.450,101.814
24.520,0.000,0.000,-0.450,101.638
24.536,0.000,0.000,-0.450,101.286
24.548,0.000,0.000,-0.450,101.109
24.561,0.000,0.000,-0.450,100.757
24.577,0.000,0.000,-0.450,100.581
24.592,0.000,0.000,-0.450,100.228
24.603,0.000,0.000,-0.450,100.052
24.619,0.000,0.000,-0.450,99.876
24.631,0.000,0.000,-0.450,99.503
24.645,0.000,0.000,-0.450,99.330
24.661,0.000,0.000,-0.450,98.988
24.675,0.000,0.000,-0.450,98.817
24.686,0.000,0.000,-0.450,98.646
24.700,0.000,0.000,-0.450,98.305
24.714,0.000,0.000,-0.450,98.135
24.728,0.000,0.000,-0.450,97.965
24.742,0.000,0.000,-0.450,97.605
24.758,0.000,0.000,-0.450,97.441
24.772,0.000,0.000,-0.450,97.112
24.783,0.000,0.000,-0.450,96.947
24.797,0.000,0.000,-0.450,96.782
24.811,0.000,0.000,-0.450,96.451
24.825,0.000,0.000,-0.450,96.285
24.842,0.000,0.000,-0.450,95.953
24.854,0.000,0.000,-0.450,95.786
24.866,0.000,0.000,-0.450,95.619
24.881,0.000,0.000,-0.450,95.282
24.895,0.000,0.000,-0.450,95.112
24.910,0.000,0.000,-0.450,94.770
24.925,0.000,0.000,-0.450,94.597
24.939,0.000,0.000,-0.450,94.424
24.951,0.000,0.000,-0.450,94.076
24.963,0.000,0.000,-0.450,93.901
24.978,0.000,0.000,-0.450,93.726
24.992,0.000,0.000,-0.450,93.374
25.005,0.000,0.000,-0.450,93.197
25.021,0.000,0.000,-0.450,92.843
25.033,0.000,0.000,-0.450,92.665
25.047,0.000,0.000,-0.450,92.488
25.062,0.000,0.000,-0.450,92.132
25.075,0.000,0.000,-0.450,91.954
25.089,0.000,0.000,-0.450,91.776
25.103,0.000,0.000,-0.450,91.420
25.117,0.000,0.000,-0.450,91.242
25.131,0.000,0.000,-0.450,90.886
25.145,0.000,0.000,-0.450,90.709
25.160,0.000,0.000,-0.450,90.531
25.174,0.000,0.000,-0.450,90.176
25.187,0.000,0.000,-0.450,89.999
25.203,0.000,0.000,-0.450,89.645
25.214,0.000,0.000,-0.450,89.468
25.228,0.000,0.000,-0.450,89.291
25.243,0.000,0.000,-0.450,88.937
25.258,0.000,0.000,-0.450,88.761
25.273,0.000,0.000,-0.450,88.408
25.285,0.000,0.000,-0.450,88.231
25.297,0.000,0.000,-0.450,88.055
25.312,0.000,0.000,-0.450,87.703
25.326,0.000,0.000,-0.450,87.526
25.338,0.000,0.000,-0.450,87.350
25.354,0.000,0.000,-0.450,86.998
25.366,0.000,0.000,-0.450,86.822
25.380,0.000,0.000,-0.450,86.470
25.395,0.000,0.000,-0.450,86.293
25.408,0.000,0.000,-0.450,86.117
25.423,0.000,0.000,-0.450,85.765
25.436,0.000,0.000,-0.450,85.589
25.451,0.000,0.000,-0.450,85.236
25.464,0.000,0.000,-0.450,85.059
25.478,0.000,0.000,-0.450,84.883
25.493,0.000,0.000,-0.450,84.530
25.507,0.000,0.000,-0.450,84.353
25.520,0.000,0.000,-0.450,84.176
25.536,0.000,0.000,-0.450,83.823
25.547,0.000,0.000,-0.450,83.646
25.561,0.000,0.000,-0.450,83.292
25.577,0.000,0.000,-0.450,83.115
25.591,0.000,0.000,-0.450,82.761
25.605,0.000,0.000,-0.450,82.583
25.618,0.000,0.000,-0.450,82.406
25.630,0.000,0.000,-0.450,82.051
25.645,0.000,0.000,-0.450,81.874
25.659,0.000,0.000,-0.450,81.696
25.672,0.000,0.000,-0.450,81.341
25.688,0.000,0.000,-0.450,81.163
25.700,0.000,0.000,-0.450,80.808
25.714,0.000,0.000,-0.450,80.630
25.729,0.000,0.000,-0.450,80.452
25.742,0.000,0.000,-0.450,80.096
25.756,0.000,0.000,-0.450,79.918
25.770,0.000,0.000,-0.450,79.739
25.784,0.000,0.000,-0.450,79.383
25.798,0.000,0.000,-0.450,79.205
25.811,0.000,0.000,-0.450,78.848
25.825,0.000,0.000,-0.450,78.669
25.842,0.000,0.000,-0.450,78.312
25.854,0.000,0.000,-0.450,78.134
25.868,0.000,0.000,-0.450,77.955
25.881,0.000,0.000,-0.450,77.597
25.895,0.000,0.000,-0.450,77.419
25.911,0.000,0.000,-0.450,77.061
25.925,0.000,0.000,-0.450,76.882
25.939,0.000,0.000,-0.450,76.703
25.952,0.000,0.000,-0.450,76.345
25.964,0.000,0.000,-0.450,76.165
25.979,0.000,0.000,-0.450,75.986
25.992,0.000,0.000,-0.450,75.628
26.005,0.000,0.000,-0.450,75.449
26.022,0.000,0.000,-0.450,75.090
26.033,0.000,0.000,-0.450,74.911
26.047,0.000,0.000,-0.450,74.731
26.063,0.000,0.000,-0.450,74.372
26.076,0.000,0.000,-0.450,74.193
26.089,0.000,0.000,-0.450,74.013
26.104,0.000,0.000,-0.450,73.654
26.118,0.000,0.000,-0.450,73.475
26.132,0.000,0.000,-0.450,73.116
26.145,0.000,0.000,-0.450,72.937
26.160,0.000,0.000,-0.450,72.578
26.175,0.000,0.000,-0.450,72.398
26.187,0.000,0.000,-0.450,72.219
26.203,0.000,0.000,-0.450,71.860
26.214,0.000,0.000,-0.450,71.681
26.228,0.000,0.000,-0.450,71.502
26.244,0.000,0.000,-0.450,71.144
26.259,0.000,0.000,-0.450,70.965
26.270,0.000,0.000,-0.450,70.786
26.285,0.000,0.000,-0.450,70.429
26.297,0.000,0.000,-0.450,70.251
26.311,0.000,0.000,-0.450,69.894
26.328,0.000,0.000,-0.450,69.716
26.341,0.000,0.000,-0.450,69.361
26.353,0.000,0.000,-0.450,69.183
26.367,0.000,0.000,-0.450,69.006
26.381,0.000,0.000,-0.450,68.653
26.395,0.000,0.000,-0.450,68.476
26.409,0.000,0.000,-0.450,68.300
26.425,0.000,0.000,-0.450,67.949
26.439,0.000,0.000,-0.450,67.773
26.450,0.000,0.000,-0.450,67.599
26.464,0.000,0.000,-0.450,67.250
26.477,0.000,0.000,-0.450,67.076
26.492,0.000,0.000,-0.450,66.730
26.508,0.000,0.000,-0.450,66.558
26.520,0.000,0.000,-0.450,66.386
26.532,0.000,0.000,-0.450,66.044
26.546,0.000,0.000,-0.450,65.874
26.561,0.000,0.000,-0.450,65.537
26.577,0.000,0.000,-0.450,65.362
26.592,0.000,0.000,-0.450,64.994
26.602,0.000,0.000,-0.450,64.908
26.617,0.000,0.000,-0.450,64.660
26.630,0.000,0.000,-0.450,64.609
26.644,0.000,0.000,-0.450,64.309
26.661,0.000,0.000,-0.450,64.009
26.672,0.000,0.000,-0.450,63.759
26.689,0.000,0.000,-0.450,63.711
26.699,0.000,0.000,-0.450,63.461
26.713,0.000,0.000,-0.450,63.163
26.727,0.000,0.000,-0.450,63.117
26.741,0.000,0.000,-0.450,62.822
26.758,0.000,0.000,-0.450,62.573
26.770,0.000,0.000,-0.450,62.529
26.783,0.000,0.000,-0.450,62.237
26.797,0.000,0.000,-0.450,61.988
26.811,0.000,0.000,-0.450,61.699
26.825,0.000,0.000,-0.450,61.659
26.841,0.000,0.000,-0.450,61.372
26.853,0.000,0.000,-0.450,61.125
26.865,0.000,0.000,-0.450,61.088
26.880,0.000,0.000,-0.450,60.842
26.894,0.000,0.000,-0.450,60.561
26.910,0.000,0.000,-0.450,60.526
26.926,0.000,0.000,-0.450,60.249
26.935,0.000,0.000,-0.450,60.005
26.949,0.000,0.000,-0.450,59.974
26.963,0.000,0.000,-0.450,59.702
26.977,0.000,0.000,-0.450,59.460
26.994,0.000,0.000,-0.439,59.195
27.005,0.000,0.000,-0.409,59.175
27.018,0.000,0.000,-0.409,58.954
27.033,0.000,0.000,-0.374,58.775
27.046,0.000,0.000,-0.338,58.842
27.060,0.000,0.000,-0.299,58.848
27.074,0.000,0.000,-0.264,58.701
27.091,0.000,0.000,-0.211,58.771
27.102,0.000,0.000,-0.163,58.963
27.115,0.000,0.000,-0.163,58.812
27.130,0.000,0.000,-0.114,58.852
27.144,0.000,0.000,-0.066,59.099
27.158,0.000,0.000,-0.031,58.867
27.174,0.000,0.000,0.000,58.856
27.186,0.000,0.000,0.000,59.095
27.201,0.000,0.000,0.000,59.082
27.213,0.000,0.000,0.026,58.810
27.227,0.000,0.000,0.062,59.056
27.241,0.000,0.000,0.092,58.984
27.255,0.000,0.000,0.119,58.700
27.271,0.000,0.000,0.154,58.601
27.283,0.000,0.000,0.154,58.783
27.296,0.000,0.000,0.193,58.482
27.311,0.000,0.000,0.229,58.340
27.324,0.000,0.000,0.264,58.471
27.339,0.000,0.000,0.303,58.150
27.352,0.000,0.000,0.347,57.902
27.367,0.000,0.000,0.347,57.974
27.380,0.000,0.000,0.387,57.642
27.396,0.000,0.000,0.431,57.347
27.408,0.000,0.000,0.450,57.407
27.423,0.000,0.000,0.450,57.102
27.436,0.000,0.000,0.450,56.743
27.449,0.000,0.000,0.450,56.791
27.464,0.000,0.000,0.450,56.501
27.477,0.000,0.000,0.450,56.157
27.492,0.000,0.000,0.450,55.865
27.508,0.000,0.000,0.450,55.933
27.519,0.000,0.000,0.450,55.598
27.532,0.000,0.000,0.450,55.321
27.547,0.000,0.000,0.450,55.389
27.561,0.000,0.000,0.450,55.116
27.576,0.000,0.000,0.450,54.802
27.592,0.000,0.000,0.450,54.559
27.601,0.000,0.000,0.450,54.617
27.617,0.000,0.000,0.450,54.312
27.629,0.000,0.000,0.450,54.388
27.644,0.000,0.000,0.450,54.156
27.661,0.000,0.000,0.450,53.942
27.671,0.000,0.000,0.450,53.649
27.688,0.000,0.000,0.450,53.728
27.699,0.000,0.000,0.450,53.436
27.713,0.000,0.000,0.450,53.243
27.727,0.000,0.000,0.450,53.327
27.741,0.000,0.000,0.448,53.142
27.758,0.000,0.000,0.426,52.860
27.770,0.000,0.000,0.400,52.985
27.782,0.000,0.000,0.378,52.938
27.797,0.000,0.000,0.343,52.679
27.810,0.000,0.000,0.343,52.921
27.823,0.000,0.000,0.316,52.925
27.840,0.000,0.000,0.290,52.942
27.852,0.000,0.000,0.268,52.694
27.866,0.000,0.000,0.242,52.952
27.880,0.000,0.000,0.215,52.713
27.894,0.000,0.000,0.215,52.754
27.910,0.000,0.000,0.185,53.029
27.924,0.008,0.000,0.154,53.073
27.935,0.020,0.000,0.119,52.811
27.949,0.027,0.000,0.097,53.104
27.963,0.039,0.000,0.070,53.141
27.977,0.039,0.000,0.070,52.888
27.994,0.051,0.000,0.044,52.897
28.006,0.067,0.000,0.018,53.196
28.018,0.078,0.000,0.000,52.945
28.033,0.090,0.000,-0.009,52.986
28.046,0.106,0.000,-0.031,53.262
28.060,0.125,0.000,-0.048,53.290
28.074,0.125,0.000,-0.048,53.055
28.091,0.149,0.000,-0.070,53.117
28.103,0.173,0.000,-0.097,53.400
28.115,0.184,0.000,-0.114,53.171
28.130,0.196,0.000,-0.132,53.196
28.144,0.200,0.000,-0.149,53.478
28.158,0.200,0.000,-0.149,53.244
28.174,0.204,0.000,-0.171,53.294
28.186,0.204,0.000,-0.189,53.557
28.200,0.204,0.000,-0.215,53.571
28.212,0.204,0.000,-0.233,53.335
28.227,0.204,0.000,-0.255,53.569
28.242,0.208,0.000,-0.268,53.526
28.255,0.208,0.000,-0.268,53.301
28.271,0.220,0.000,-0.286,53.304
28.283,0.231,0.000,-0.294,53.503
28.296,0.239,0.000,-0.308,53.283
28.311,0.243,0.000,-0.321,53.273
28.326,0.247,0.000,-0.334,53.471
28.338,0.247,0.000,-0.347,53.276
28.354,0.247,0.000,-0.347,53.223
28.365,0.247,0.000,-0.356,53.428
28.379,0.247,0.000,-0.374,53.215
28.395,0.247,0.000,-0.382,53.184
28.407,0.247,0.000,-0.391,53.351
28.425,0.247,0.000,-0.400,53.315
28.436,0.247,0.000,-0.404,53.119
28.448,0.247,0.000,-0.404,53.256
28.464,0.247,0.000,-0.409,53.206
28.476,0.247,0.000,-0.409,53.011
28.490,0.247,0.000,-0.409,52.966
28.507,0.247,0.000,-0.409,53.149
28.518,0.239,0.000,-0.404,52.942
28.532,0.239,0.000,-0.404,52.933
28.546,0.227,0.000,-0.400,53.124
28.560,0.212,0.000,-0.395,53.133
28.577,0.200,0.000,-0.391,52.954
28.590,0.196,0.000,-0.382,52.981
28.602,0.192,0.000,-0.374,53.094
28.616,0.192,0.000,-0.374,53.011
28.629,0.192,0.000,-0.356,53.170
28.645,0.192,0.000,-0.343,53.240
28.659,0.184,0.000,-0.321,53.071
28.671,0.173,0.000,-0.303,53.132
28.688,0.153,0.000,-0.286,53.422
28.698,0.125,0.000,-0.264,53.229
28.712,0.125,0.000,-0.264,53.332
28.729,0.098,0.000,-0.242,53.583
28.740,0.071,0.000,-0.211,53.675
28.756,0.047,0.000,-0.180,53.449
28.768,0.027,0.000,-0.145,53.747
28.782,0.027,0.000,-0.145,53.797
28.796,0.004,0.000,-0.114,53.541
28.810,0.000,0.000,-0.075,53.821
28.824,0.000,0.000,-0.044,53.839
28.841,0.000,0.000,0.000,53.827
28.852,0.000,0.000,0.009,53.541
28.866,0.000,0.000,0.022,53.819
28.880,0.000,0.000,0.022,53.514
28.894,0.000,0.000,0.040,53.483
28.910,0.000,0.000,0.057,53.768
28.925,0.000,0.000,0.079,53.714
28.935,0.000,0.000,0.101,53.420
28.949,0.000,0.000,0.119,53.668
28.963,0.000,0.000,0.119,53.599
28.977,0.000,0.000,0.145,53.297
28.994,0.000,0.000,0.163,53.221
29.005,0.000,0.000,0.189,53.447
29.021,0.000,0.000,0.211,53.316
29.032,0.000,0.000,0.233,53.003
29.046,0.000,0.000,0.233,53.191
29.060,0.000,0.000,0.251,53.051
29.074,0.000,0.000,0.268,52.734
29.091,0.000,0.000,0.286,52.607
29.103,0.000,0.000,0.299,52.765
29.116,0.000,0.000,0.308,52.460
29.130,0.000,0.000,0.321,52.289
29.143,0.000,0.000,0.321,52.432
29.158,0.000,0.000,0.330,52.124
29.174,0.000,0.000,0.338,51.987
29.185,0.000,0.000,0.343,52.136
29.199,0.000,0.000,0.347,51.830
29.213,0.000,0.000,0.352,51.682
29.227,0.000,0.000,0.347,51.857
29.243,0.000,0.000,0.347,51.738
29.257,0.000,0.000,0.347,51.443
29.269,0.000,0.000,0.343,51.632
29.282,0.000,0.000,0.334,51.545
29.296,0.000,0.000,0.325,51.262
29.312,0.000,0.000,0.316,51.210
29.326,0.000,0.000,0.303,51.413
29.338,0.000,0.000,0.303,51.142
29.355,0.000,0.000,0.290,51.122
29.365,0.000,0.000,0.277,51.355
29.379,0.000,0.000,0.259,51.080
29.395,0.000,0.000,0.242,51.079
29.407,0.000,0.000,0.215,51.359
29.423,0.000,0.000,0.215,51.368
29.435,0.000,0.000,0.185,51.102
29.449,0.000,0.000,0.154,51.370
29.463,0.000,0.000,0.127,51.403
29.477,0.000,0.000,0.092,51.152
29.491,0.000,0.000,0.062,51.169
29.508,0.000,0.000,0.062,51.442
29.519,0.000,0.000,0.031,51.160
29.536,0.000,0.000,0.000,51.158
29.546,0.000,0.000,-0.004,51.426
29.560,0.000,0.000,-0.022,51.414
29.575,0.000,0.000,-0.031,51.111
29.588,0.000,0.000,-0.040,51.391
29.604,0.000,0.000,-0.040,51.366
29.616,0.000,0.000,-0.048,51.058
29.629,0.000,0.000,-0.057,51.342
29.644,0.024,0.000,-0.061,51.327
29.659,0.043,0.000,-0.066,51.033
29.671,0.071,0.000,-0.075,51.077
29.688,0.071,0.000,-0.075,51.334
29.699,0.102,0.000,-0.079,51.082
29.713,0.141,0.000,-0.083,51.134
29.729,0.180,0.000,-0.092,51.406
29.741,0.220,0.000,-0.101,51.494
29.757,0.251,0.000,-0.105,51.277
29.768,0.302,0.000,-0.110,51.605
29.782,0.302,0.000,-0.110,51.757
29.796,0.357,0.000,-0.119,51.567
29.810,0.412,0.000,-0.127,51.921
29.826,0.471,0.000,-0.132,52.145
29.840,0.518,0.000,-0.141,52.408
29.851,0.553,0.000,-0.145,52.333
29.866,0.553,0.000,-0.145,52.705
29.879,0.596,0.000,-0.158,52.632
29.893,0.627,0.000,-0.163,53.011
29.910,0.643,0.000,-0.167,53.295
29.923,0.651,0.000,-0.171,53.648
29.935,0.655,0.000,-0.176,53.675
29.949,0.655,0.000,-0.176,53.953
29.963,0.659,0.000,-0.176,54.375
29.977,0.659,0.000,-0.180,54.356
29.994,0.667,0.000,-0.180,54.743
30.005,0.671,0.000,-0.180,55.053
30.019,0.686,0.000,-0.180,55.108
30.032,0.706,0.000,-0.180,55.465
30.046,0.706,0.000,-0.180,55.826
30.061,0.722,0.000,-0.180,56.192
30.074,0.737,0.000,-0.180,56.244
30.091,0.753,0.000,-0.180,56.668
30.102,0.765,0.000,-0.180,56.979
30.115,0.773,0.000,-0.180,57.028
30.130,0.773,0.000,-0.180,57.393
30.143,0.784,0.000,-0.176,57.797
30.158,0.792,0.000,-0.171,57.889
30.174,0.800,0.000,-0.171,58.281
30.185,0.808,0.000,-0.163,58.673
30.199,0.820,0.000,-0.149,58.789
30.213,0.820,0.000,-0.141,59.220
30.227,0.820,0.000,-0.141,59.627
30.243,0.820,0.000,-0.132,60.065
30.257,0.820,0.000,-0.119,60.176
30.268,0.820,0.000,-0.105,60.505
30.282,0.820,0.000,-0.092,61.031
30.296,0.820,0.000,-0.075,61.061
30.310,0.820,0.000,-0.075,61.474
30.327,0.820,0.000,-0.057,61.924
30.339,0.820,0.000,-0.040,62.029
30.351,0.820,0.000,-0.018,62.471
30.365,0.820,0.000,-0.004,62.871
30.380,0.820,0.000,0.000,62.941
30.394,0.820,0.000,0.000,63.375
30.407,0.820,0.000,0.000,63.775
30.424,0.820,0.000,0.000,64.236
30.437,0.820,0.000,0.000,64.276
30.448,0.820,0.000,0.000,64.673
30.463,0.820,0.000,0.000,65.126
30.476,0.820,0.000,0.004,65.170
30.491,0.820,0.000,0.004,65.619
30.507,0.820,0.000,0.009,66.009
30.519,0.824,0.000,0.013,66.057
30.532,0.824,0.000,0.018,66.500
30.546,0.827,0.000,0.022,66.885
30.560,0.835,0.000,0.026,67.322
30.576,0.843,0.000,0.035,67.382
30.590,0.847,0.000,0.040,67.824
30.602,0.847,0.000,0.040,68.199
30.616,0.855,0.000,0.044,68.267
30.629,0.863,0.000,0.048,68.637
30.644,0.871,0.000,0.057,69.076
30.659,0.875,0.000,0.062,69.158
30.671,0.875,0.000,0.062,69.604
30.688,0.875,0.000,0.070,69.952
30.698,0.875,0.000,0.075,70.049
30.712,0.875,0.000,0.084,70.487
30.728,0.878,0.000,0.084,70.791
30.740,0.882,0.000,0.092,71.212
30.756,0.882,0.000,0.092,71.350
30.768,0.886,0.000,0.097,71.634
30.782,0.886,0.000,0.101,72.052
30.796,0.886,0.000,0.101,72.200
30.810,0.886,0.000,0.105,72.468
30.824,0.886,0.000,0.105,72.874
30.841,0.886,0.000,0.105,73.282
30.852,0.886,0.000,0.105,73.472
30.865,0.886,0.000,0.105,73.695
30.879,0.886,0.000,0.105,73.888
30.893,0.886,0.000,0.105,74.302
30.910,0.886,0.000,0.105,74.517
30.924,0.886,0.000,0.105,74.925
30.936,0.886,0.000,0.105,75.122
30.949,0.886,0.000,0.105,75.331
30.962,0.886,0.000,0.105,75.734
30.977,0.875,0.000,0.101,75.931
30.994,0.851,0.000,0.101,76.327
31.005,0.816,0.000,0.097,76.521
31.021,0.816,0.000,0.097,76.891
31.033,0.757,0.000,0.092,77.074
31.046,0.698,0.000,0.092,77.246
31.060,0.627,0.000,0.084,77.401
31.074,0.573,0.000,0.079,77.672
31.090,0.549,0.000,0.070,77.922
31.103,0.545,0.000,0.066,78.043
31.115,0.545,0.000,0.066,78.165
31.130,0.545,0.000,0.057,78.407
31.143,0.545,0.000,0.048,78.529
31.157,0.545,0.000,0.040,78.651
31.174,0.553,0.000,0.026,78.901
31.185,0.580,0.000,0.013,79.027
31.198,0.580,0.000,0.013,79.158
31.213,0.612,0.000,0.004,79.428
31.227,0.647,0.000,0.000,79.567
31.243,0.675,0.000,0.000,79.864
31.257,0.690,0.000,0.000,80.017
31.269,0.698,0.000,0.000,80.172
31.282,0.702,0.000,0.000,80.488
31.296,0.702,0.000,0.000,80.646
31.311,0.706,0.000,0.000,80.962
31.326,0.710,0.000,0.000,81.120
31.338,0.710,0.000,0.000,81.279
31.354,0.710,0.000,0.000,81.596
31.365,0.706,0.000,0.000,81.753
31.379,0.706,0.000,0.000,81.910
31.395,0.702,0.000,0.000,82.221
31.410,0.698,0.000,0.000,82.376
31.424,0.698,0.000,0.000,82.683
31.435,0.698,0.000,-0.004,82.835
31.448,0.698,0.000,-0.004,82.988
31.463,0.698,0.000,-0.004,83.292
31.476,0.698,0.000,-0.009,83.443
31.491,0.702,0.000,-0.013,83.746
31.507,0.718,0.000,-0.018,83.897
31.519,0.741,0.000,-0.026,84.050
31.534,0.769,0.000,-0.031,84.369
31.546,0.804,0.000,-0.035,84.533
31.560,0.804,0.000,-0.035,84.872
31.574,0.839,0.000,-0.040,85.042
31.591,0.875,0.000,-0.044,85.400
31.601,0.902,0.000,-0.048,85.583
31.616,0.929,0.000,-0.053,85.770
31.629,0.945,0.000,-0.057,85.962
31.643,0.945,0.000,-0.057,86.350
31.660,0.965,0.000,-0.057,86.742
31.672,0.996,0.000,-0.061,86.940
31.685,1.000,0.000,-0.061,87.142
31.699,1.000,0.000,-0.061,87.345
31.713,1.000,0.000,-0.061,87.751
31.727,1.000,0.000,-0.061,87.953
31.741,1.000,0.000,-0.061,88.355
31.756,1.000,0.000,-0.061,88.555
31.768,1.000,0.000,-0.061,88.754
31.782,1.000,0.000,-0.061,89.151
31.797,1.000,0.000,-0.061,89.349
31.810,1.000,0.000,-0.061,89.741
31.825,1.000,0.000,-0.061,89.937
31.838,1.000,0.000,-0.061,90.131
31.852,1.000,0.000,-0.066,90.516
31.869,1.000,0.000,-0.066,90.707
31.879,1.000,0.000,-0.066,90.897
31.893,1.000,0.000,-0.066,91.277
31.909,1.000,0.000,-0.066,91.465
31.924,1.000,0.000,-0.066,91.841
31.934,1.000,0.000,-0.066,92.028
31.949,1.000,0.000,-0.066,92.214
31.962,1.000,0.000,-0.061,92.588
31.977,1.000,0.000,-0.061,92.774
31.993,1.000,0.000,-0.057,93.146
32.006,1.000,0.000,-0.053,93.332
32.018,1.000,0.000,-0.053,93.519
32.032,1.000,0.000,-0.044,93.893
32.046,1.000,0.000,-0.035,94.080
32.060,1.000,0.000,-0.026,94.458
32.075,1.000,0.000,-0.018,94.646
32.090,1.000,0.000,-0.018,94.834
32.101,1.000,0.000,-0.004,95.209
32.116,1.000,0.000,0.000,95.396
32.130,1.000,0.000,0.000,95.768
32.143,1.000,0.000,0.000,95.953
32.158,1.000,0.000,0.000,96.137
32.174,1.000,0.000,0.000,96.505
32.185,1.000,0.000,0.000,96.688
32.199,1.000,0.000,0.000,96.871
32.213,1.000,0.000,0.000,97.234
32.227,1.000,0.000,0.000,97.416
32.243,1.000,0.000,0.000,97.777
32.257,1.000,0.000,0.000,97.956
32.268,1.000,0.000,0.000,98.136
32.283,1.000,0.000,0.000,98.492
32.296,1.000,0.000,0.000,98.670
32.310,1.000,0.000,0.000,98.847
32.327,1.000,0.000,0.000,99.200
32.338,1.000,0.000,0.004,99.376
32.353,1.000,0.000,0.004,99.726
32.365,1.000,0.000,0.009,99.900
32.379,1.000,0.000,0.013,100.074
32.393,1.000,0.000,0.018,100.418
32.407,1.000,0.000,0.022,100.589
32.424,1.000,0.000,0.026,100.928
32.435,1.000,0.000,0.031,101.097
32.449,1.000,0.000,0.031,101.264
32.463,1.000,0.000,0.035,101.597
32.477,1.000,0.000,0.040,101.762
32.491,1.000,0.000,0.044,102.088
32.508,1.000,0.000,0.044,102.249
32.519,1.000,0.000,0.044,102.411
32.532,1.000,0.000,0.048,102.731
32.546,1.000,0.000,0.048,102.890
32.560,1.000,0.000,0.053,103.048
32.576,1.000,0.000,0.053,103.360
32.591,1.000,0.000,0.057,103.668
32.601,1.000,0.000,0.057,103.820
32.616,1.000,0.000,0.062,103.972
32.629,1.000,0.000,0.062,104.122
32.643,1.000,0.000,0.062,104.419
32.660,1.000,0.000,0.066,104.713
32.671,1.000,0.000,0.066,104.857
32.685,1.000,0.000,0.066,105.002
32.699,1.000,0.000,0.066,105.146
32.712,1.000,0.000,0.066,105.432
32.727,1.000,0.000,0.066,105.575
32.742,1.000,0.000,0.066,105.857
32.755,1.000,0.000,0.066,105.998
32.771,1.000,0.000,0.066,106.277
32.782,1.000,0.000,0.066,106.415
32.797,1.000,0.000,0.066,106.553
32.810,1.000,0.000,0.066,106.690
32.824,1.000,0.000,0.066,106.963
32.840,1.000,0.000,0.066,107.233
32.852,1.000,0.000,0.066,107.367
32.867,1.000,0.000,0.066,107.501
32.880,1.000,0.000,0.066,107.634
32.894,1.000,0.000,0.066,107.899
32.908,1.000,0.000,0.066,108.031
32.922,1.000,0.000,0.066,108.293
32.938,1.000,0.000,0.066,108.423
32.950,1.000,0.000,0.066,108.552
32.963,1.000,0.000,0.066,108.810
32.978,1.000,0.000,0.066,108.938
32.992,1.000,0.000,0.062,109.196
33.005,1.000,0.000,0.057,109.325
33.022,1.000,0.000,0.057,109.587
33.032,1.000,0.000,0.048,109.717
33.045,1.000,0.000,0.044,109.850
33.061,1.000,0.000,0.040,110.120
33.076,1.000,0.000,0.040,110.254
33.090,1.000,0.000,0.031,110.524
33.102,1.000,0.000,0.022,110.659
33.115,1.000,0.000,0.013,110.796
33.130,1.000,0.000,0.004,110.935
33.143,1.000,0.000,0.000,111.212
33.158,1.000,0.000,0.000,111.350
33.174,1.000,0.000,0.000,111.624
33.185,1.000,0.000,0.000,111.761
33.201,1.000,0.000,-0.004,112.035
33.212,1.000,0.000,-0.009,112.172
33.227,1.000,0.000,-0.013,112.308
33.242,1.000,0.000,-0.018,112.580
33.255,1.000,0.000,-0.018,112.716
33.271,1.000,0.000,-0.026,112.985
33.283,1.000,0.000,-0.031,113.118
33.296,1.000,0.000,-0.035,113.251
33.311,1.000,0.000,-0.040,113.512
33.324,1.000,0.000,-0.048,113.642
33.339,1.000,0.000,-0.048,113.768
33.352,1.000,0.000,-0.053,114.019
33.366,1.000,0.000,-0.061,114.144
33.380,1.000,0.000,-0.061,114.263
33.395,1.000,0.000,-0.061,114.502
33.408,1.000,0.000,-0.066,114.622
33.424,1.000,0.000,-0.066,114.853
33.436,1.000,0.000,-0.066,114.969
33.449,1.000,0.000,-0.066,115.083
33.463,1.000,0.000,-0.066,115.310
33.477,1.000,0.000,-0.066,115.422
33.491,1.000,0.000,-0.066,115.643
33.508,1.000,0.000,-0.066,115.753
33.519,1.000,0.000,-0.066,115.861
33.533,1.000,0.000,-0.066,116.075
33.546,1.000,0.000,-0.066,116.181
33.560,1.000,0.000,-0.066,116.390
33.576,1.000,0.000,-0.066,116.494
33.591,1.000,0.000,-0.066,116.698
33.602,1.000,0.000,-0.066,116.800
33.616,1.000,0.000,-0.066,116.901
33.629,1.000,0.000,-0.066,117.001
33.643,1.000,0.000,-0.061,117.203
33.660,1.000,0.000,-0.053,117.410
33.671,1.000,0.000,-0.048,117.515
33.687,1.000,0.000,-0.040,117.622
33.699,1.000,0.000,-0.031,117.732
33.713,1.000,0.000,-0.031,117.956
33.727,1.000,0.000,-0.018,118.066
33.741,1.000,0.000,-0.004,118.296
33.758,1.000,0.000,0.000,118.411
33.769,1.000,0.000,0.000,118.527
33.782,1.000,0.000,0.000,118.756
33.796,1.000,0.000,0.000,118.871
33.810,1.000,0.000,0.000,118.985
33.824,1.000,0.000,0.000,119.215
33.840,1.000,0.000,0.000,119.444
33.852,1.000,0.000,0.000,119.559
33.867,1.000,0.000,0.000,119.673
33.879,1.000,0.000,0.000,119.788
33.894,1.000,0.000,0.000,120.016
33.908,1.000,0.000,0.000,120.130
33.922,1.000,0.000,0.000,120.358
33.937,1.000,0.000,0.000,120.471
33.950,1.000,0.000,0.000,120.585
33.964,1.000,0.000,0.000,120.810
33.978,1.000,0.000,0.000,120.923
33.992,1.000,0.000,0.000,121.147
34.005,1.000,0.000,0.000,121.259
34.021,1.000,0.000,0.000,121.481
34.032,1.000,0.000,0.000,121.592
34.046,1.000,0.000,0.000,121.702
34.062,1.000,0.000,0.000,121.923
34.074,1.000,0.000,0.000,122.032
34.091,0.976,0.000,0.000,122.248
34.103,0.953,0.000,0.000,122.354
34.115,0.941,0.000,0.000,122.457
34.130,0.937,0.000,0.000,122.558
34.144,0.937,0.000,0.000,122.758
34.158,0.937,0.000,0.000,122.857
34.174,0.937,0.000,0.004,123.055
34.185,0.933,0.000,0.004,123.154
34.200,0.925,0.000,0.004,123.349
34.213,0.918,0.000,0.009,123.445
34.227,0.918,0.000,0.009,123.541
34.241,0.914,0.000,0.009,123.730
34.258,0.910,0.000,0.013,123.824
34.270,0.906,0.000,0.013,123.916
34.283,0.902,0.000,0.013,124.100
34.296,0.894,0.000,0.018,124.191
34.311,0.886,0.000,0.022,124.369
34.324,0.886,0.000,0.022,124.456
34.339,0.882,0.000,0.022,124.543
34.352,0.875,0.000,0.026,124.714
34.366,0.867,0.000,0.026,124.798
34.380,0.859,0.000,0.031,124.882
34.395,0.847,0.000,0.035,125.041
34.408,0.835,0.000,0.040,125.118
34.423,0.835,0.000,0.040,125.268
34.435,0.824,0.000,0.040,125.342
34.449,0.816,0.000,0.044,125.415
34.464,0.812,0.000,0.044,125.554
34.477,0.812,0.000,0.044,125.623
34.491,0.812,0.000,0.044,125.759
34.508,0.812,0.000,0.044,125.826
34.519,0.812,0.000,0.044,125.894
34.532,0.808,0.000,0.044,126.026
34.546,0.804,0.000,0.044,126.091
34.560,0.796,0.000,0.040,126.220
34.576,0.792,0.000,0.022,126.285
34.591,0.788,0.000,0.004,126.425
34.602,0.780,0.000,0.000,126.495
34.616,0.780,0.000,0.000,126.565
34.629,0.765,0.000,-0.004,126.634
34.644,0.753,0.000,-0.013,126.767
34.659,0.741,0.000,-0.018,126.833
34.671,0.733,0.000,-0.018,126.961
34.688,0.733,0.000,-0.018,127.025
34.698,0.714,0.000,-0.013,127.088
34.712,0.702,0.000,0.000,127.210
34.728,0.694,0.000,0.000,127.270
34.743,0.682,0.000,0.004,127.387
34.757,0.671,0.000,0.009,127.445
34.768,0.663,0.000,0.000,127.501
34.782,0.663,0.000,0.000,127.613
34.796,0.659,0.000,0.000,127.669
34.810,0.655,0.000,0.000,127.724
34.824,0.655,0.000,0.000,127.834
34.841,0.651,0.000,0.000,127.943
34.852,0.647,0.000,0.000,127.997
34.865,0.647,0.000,0.000,128.051
34.879,0.639,0.000,0.000,128.105
34.893,0.635,0.000,0.000,128.210
34.909,0.635,0.000,0.000,128.262
34.923,0.635,0.000,0.000,128.365
34.935,0.631,0.000,0.000,128.417
34.950,0.631,0.000,0.000,128.468
34.962,0.631,0.000,0.000,128.570
34.978,0.627,0.000,0.000,128.621
34.992,0.627,0.000,0.000,128.722
35.004,0.624,0.000,0.000,128.772
35.021,0.624,0.000,0.000,128.872
35.031,0.624,0.000,0.000,128.921
35.045,0.624,0.000,0.000,128.971
35.061,0.624,0.000,0.000,129.069
35.077,0.620,0.000,0.000,129.119
35.087,0.616,0.000,0.000,129.167
35.101,0.608,0.000,0.000,129.263
35.115,0.600,0.000,0.000,129.310
35.130,0.600,0.000,0.000,129.357
35.143,0.596,0.000,0.000,129.449
35.158,0.588,0.000,0.000,129.494
35.173,0.576,0.000,0.000,129.583
35.185,0.569,0.000,0.000,129.626
35.201,0.561,0.000,0.000,129.710
35.213,0.553,0.000,0.000,129.752
35.227,0.553,0.000,0.000,129.792
35.241,0.549,0.000,0.000,129.873
35.258,0.537,0.000,0.000,129.913
35.268,0.525,0.000,0.000,129.952
35.283,0.518,0.000,0.000,130.026
35.295,0.514,0.000,0.000,130.062
35.309,0.514,0.000,0.000,130.098
35.327,0.514,0.000,0.000,130.170
35.338,0.510,0.000,0.000,130.206
35.351,0.510,0.000,0.000,130.276
35.365,0.498,0.000,0.000,130.311
35.379,0.494,0.000,0.000,130.345
35.393,0.486,0.000,0.000,130.412
35.410,0.486,0.000,0.000,130.444
35.421,0.478,0.000,0.000,130.508
35.435,0.475,0.000,0.000,130.540
35.449,0.471,0.000,0.000,130.571
35.464,0.467,0.000,0.000,130.632
35.477,0.455,0.000,0.000,130.662
35.490,0.455,0.000,0.000,130.720
35.508,0.451,0.000,0.000,130.749
35.518,0.439,0.000,0.000,130.778
35.532,0.431,0.000,0.000,130.832
35.546,0.424,0.000,0.000,130.858
35.560,0.412,0.000,0.000,130.883
35.576,0.412,0.000,0.000,130.932
35.590,0.408,0.000,0.000,130.980
35.602,0.404,0.000,0.000,131.003
35.615,0.404,0.000,0.000,131.027
35.629,0.404,0.000,0.000,131.050
35.644,0.404,0.000,0.000,131.096
35.659,0.404,0.000,0.000,131.119
35.671,0.404,0.000,0.000,131.165
35.687,0.412,0.000,0.000,131.188
35.698,0.424,0.000,0.000,131.212
35.712,0.447,0.000,0.000,131.264
35.728,0.467,0.000,0.000,131.291
35.740,0.486,0.000,0.000,131.320
35.756,0.486,0.000,0.000,131.382
35.768,0.502,0.000,0.000,131.413
35.782,0.518,0.000,0.000,131.479
35.796,0.533,0.000,0.000,131.514
35.809,0.545,0.000,0.000,131.549
35.824,0.561,0.000,0.000,131.624
35.841,0.561,0.000,0.000,131.701
35.852,0.576,0.000,0.000,131.739
35.866,0.592,0.000,0.000,131.778
35.879,0.616,0.000,0.000,131.819
35.893,0.647,0.000,0.000,131.909
35.907,0.678,0.000,0.000,131.955
35.924,0.714,0.000,0.000,132.057
35.934,0.753,0.000,0.000,132.110
35.949,0.753,0.000,0.000,132.166
35.962,0.792,0.000,0.000,132.282
35.976,0.831,0.000,0.000,132.343
35.993,0.875,0.000,0.000,132.474
36.004,0.914,0.000,0.000,132.542
36.020,0.914,0.000,0.000,132.685
36.031,0.945,0.000,0.000,132.757
36.045,0.980,0.000,0.000,132.831
36.060,1.000,0.000,0.000,132.908
36.073,1.000,0.000,0.000,133.066
36.091,1.000,0.000,0.000,133.225
36.102,1.000,0.000,0.000,133.303
36.115,1.000,0.000,0.000,133.382
36.129,1.000,0.000,0.000,133.460
36.143,1.000,0.000,0.000,133.616
36.157,1.000,0.000,0.000,133.694
36.173,1.000,0.000,0.000,133.849
36.185,1.000,0.000,0.000,133.926
36.199,1.000,0.000,0.000,134.003
36.213,1.000,0.000,0.000,134.156
36.227,1.000,0.000,0.000,134.232
36.243,1.000,0.000,0.000,134.384
36.257,1.000,0.000,0.000,134.460
36.267,1.000,0.000,0.000,134.535
36.282,1.000,0.000,0.000,134.686
36.296,1.000,0.000,0.000,134.761
36.310,1.000,0.000,0.000,134.835
36.327,1.000,0.000,0.000,134.984
36.338,1.000,0.000,0.000,135.058
36.351,1.000,0.000,0.000,135.206
36.366,1.000,0.000,0.000,135.280
36.379,1.000,0.000,0.000,135.353
36.393,1.000,0.000,0.000,135.499
36.407,1.000,0.000,0.000,135.572
36.424,1.000,0.000,0.000,135.717
36.435,1.000,0.000,0.000,135.789
36.448,1.000,0.000,0.000,135.861
36.463,1.000,0.000,0.000,136.005
36.476,1.000,0.000,0.000,136.076
36.490,1.000,0.000,0.000,136.219
36.506,1.000,0.000,0.000,136.289
36.518,1.000,0.000,0.000,136.360
36.534,1.000,0.000,0.000,136.501
36.546,1.000,0.000,0.000,136.571
36.560,1.000,0.000,0.000,136.641
36.574,1.000,0.000,0.000,136.781
36.587,1.000,0.000,0.000,136.850
36.603,1.000,0.000,0.000,136.989
36.615,1.000,0.000,0.000,137.058
36.629,1.000,0.000,0.000,137.126
36.644,1.000,0.000,0.000,137.263
36.659,1.000,0.000,0.000,137.332
36.671,1.000,0.000,0.000,137.468
36.687,1.000,0.000,0.000,137.535
36.698,1.000,0.000,0.000,137.603
36.712,1.000,0.000,0.000,137.737
36.728,1.000,0.000,0.000,137.804
36.742,1.000,0.000,0.000,137.938
36.753,1.000,0.000,0.000,138.005
36.768,1.000,0.000,0.000,138.071
36.781,1.000,0.000,0.000,138.203
36.795,1.000,0.000,0.000,138.269
36.809,1.000,0.000,0.000,138.335
36.823,1.000,0.000,0.000,138.465
36.840,1.000,0.000,0.000,138.596
36.852,1.000,0.000,0.000,138.660
36.866,1.000,0.000,0.000,138.725
36.879,1.000,0.000,0.000,138.790
36.894,1.000,0.000,0.000,138.918
36.907,1.000,0.000,0.000,138.982
36.924,1.000,0.000,0.000,139.110
36.934,1.000,0.000,0.000,139.173
36.949,1.000,0.000,0.000,139.237
36.962,1.000,0.000,0.000,139.363
36.976,1.000,0.000,0.000,139.426
36.993,1.000,0.000,0.000,139.551
37.004,1.000,0.000,0.000,139.614
37.017,1.000,0.000,0.000,139.676
37.031,1.000,0.000,0.000,139.800
37.045,1.000,0.000,0.000,139.862
37.060,1.000,0.000,0.000,139.985
37.073,1.000,0.000,0.000,140.046
37.090,1.000,0.000,0.000,140.107
37.102,1.000,0.000,0.000,140.229
37.115,1.000,0.000,0.000,140.290
37.130,1.000,0.000,0.000,140.411
37.143,1.000,0.000,0.000,140.471
37.157,1.000,0.000,0.000,140.531
37.174,1.000,0.000,0.000,140.651
37.185,1.000,0.000,0.000,140.711
37.201,1.000,0.000,0.000,140.830
37.213,1.000,0.000,0.000,140.889
37.227,1.000,0.000,0.000,140.948
37.241,1.000,0.000,0.000,141.066
37.254,1.000,0.000,0.000,141.125
37.270,1.000,0.000,0.000,141.241
37.283,1.000,0.000,0.000,141.300
37.296,1.000,0.000,0.000,141.358
37.311,1.000,0.000,0.000,141.473
37.326,1.000,0.000,0.000,141.531
37.337,1.000,0.000,0.000,141.589
37.354,1.000,0.000,0.000,141.703
37.365,1.000,0.000,0.000,141.760
37.379,1.000,0.000,0.000,141.817
37.395,1.000,0.000,0.000,141.931
37.407,1.000,0.000,0.000,141.987
37.423,1.000,0.000,0.000,142.100
37.435,1.000,0.000,0.000,142.156
37.448,1.000,0.000,0.000,142.212
37.463,1.000,0.000,0.000,142.323
37.476,1.000,0.000,0.000,142.379
37.491,1.000,0.000,0.000,142.490
37.507,1.000,0.000,0.000,142.545
37.519,1.000,0.000,0.000,142.600
37.532,1.000,0.000,0.000,142.709
37.546,1.000,0.000,0.000,142.764
37.560,1.000,0.000,0.000,142.873
37.577,1.000,0.000,0.000,142.927
37.591,1.000,0.000,0.000,143.035
37.601,1.000,0.000,0.000,143.089
37.615,1.000,0.000,0.000,143.142
37.629,1.000,0.000,0.000,143.196
37.643,1.000,0.000,0.000,143.303
37.660,1.000,0.000,0.000,143.409
37.671,1.000,0.000,0.000,143.462
37.688,1.000,0.000,0.000,143.515
37.699,1.000,0.000,0.000,143.567
37.712,1.000,0.000,0.000,143.672
37.726,1.000,0.000,0.000,143.724
37.741,1.000,0.000,0.000,143.829
37.756,1.000,0.000,0.000,143.880
37.768,1.000,0.000,0.000,143.932
37.782,1.000,0.000,0.000,144.035
37.797,1.000,0.000,0.000,144.087
37.810,1.000,0.000,0.000,144.138
37.824,1.000,0.000,0.000,144.240
37.841,1.000,0.000,0.000,144.342
37.852,1.000,0.000,0.000,144.392
37.865,1.000,0.000,0.000,144.443
37.879,1.000,0.000,0.000,144.493
37.893,1.000,0.000,0.000,144.594
37.909,1.000,0.000,0.000,144.644
37.923,1.000,0.000,0.000,144.744
37.935,0.875,0.000,0.000,144.793
37.949,0.737,0.000,0.000,144.836
37.962,0.627,0.000,0.000,144.895
37.977,0.576,0.000,0.000,144.918
37.992,0.569,0.000,0.000,144.958
38.004,0.569,0.000,0.000,144.977
38.021,0.561,0.000,0.000,145.015
38.031,0.549,0.000,0.000,145.034
38.045,0.541,0.000,0.000,145.052
38.060,0.541,0.000,0.000,145.086
38.073,0.541,0.000,0.000,145.103
38.089,0.541,0.000,0.000,145.120
38.101,0.541,0.000,0.000,145.154
38.115,0.541,0.000,0.000,145.171
38.129,0.541,0.000,0.000,145.188
38.143,0.541,0.000,0.000,145.222
38.157,0.541,0.000,0.000,145.239
38.173,0.541,0.000,0.000,145.273
38.185,0.541,0.000,0.000,145.289
38.200,0.541,0.000,0.000,145.323
38.213,0.537,0.000,0.000,145.340
38.227,0.533,0.000,0.000,145.356
38.241,0.522,0.000,0.000,145.388
38.254,0.518,0.000,0.000,145.403
38.270,0.518,0.000,0.000,145.434
38.283,0.514,0.000,0.000,145.449
38.296,0.506,0.000,0.000,145.463
38.311,0.502,0.000,0.000,145.492
38.323,0.498,0.000,0.000,145.505
38.338,0.494,0.000,0.000,145.519
38.352,0.490,0.000,0.000,145.546
38.366,0.490,0.000,0.000,145.558
38.379,0.486,0.000,0.000,145.571
38.395,0.482,0.000,0.000,145.597
38.407,0.475,0.000,0.000,145.609
38.421,0.475,0.000,0.000,145.633
38.435,0.475,0.000,0.000,145.645
38.449,0.475,0.000,0.000,145.657
38.463,0.475,0.000,0.000,145.680
38.477,0.475,0.000,0.000,145.692
38.491,0.475,0.000,0.000,145.715
38.507,0.475,0.000,0.000,145.727
38.520,0.475,0.000,0.000,145.739
38.532,0.475,0.000,0.000,145.762
38.546,0.475,0.000,0.000,145.774
38.560,0.475,0.000,0.000,145.785
38.576,0.475,0.000,0.000,145.809
38.590,0.475,0.000,0.000,145.832
38.602,0.475,0.000,0.000,145.843
38.615,0.475,0.000,0.000,145.855
38.629,0.475,0.000,0.000,145.866
38.644,0.475,0.000,0.000,145.889
38.659,0.475,0.000,0.000,145.901
38.671,0.475,0.000,0.000,145.924
38.688,0.475,0.000,0.000,145.935
38.698,0.475,0.000,0.000,145.947
38.712,0.475,0.000,0.000,145.970
38.727,0.475,0.000,0.000,145.981
38.742,0.475,0.000,0.004,146.004
38.757,0.475,0.000,0.004,146.015
38.768,0.475,0.000,0.013,146.026
38.781,0.475,0.000,0.022,146.046
38.796,0.475,0.000,0.031,146.055
38.809,0.475,0.000,0.031,146.062
38.824,0.475,0.000,0.044,146.072
38.840,0.475,0.000,0.053,146.075
38.852,0.475,0.000,0.066,146.065
38.867,0.475,0.000,0.075,146.057
38.879,0.475,0.000,0.092,146.043
38.893,0.475,0.000,0.105,145.975
38.908,0.475,0.000,0.105,145.935
38.921,0.475,0.000,0.119,145.844
38.937,0.475,0.000,0.132,145.789
38.949,0.475,0.000,0.145,145.723
38.963,0.475,0.000,0.163,145.555
38.977,0.475,0.000,0.180,145.460
38.992,0.475,0.000,0.180,145.246
39.004,0.475,0.000,0.193,145.133
39.021,0.475,0.000,0.207,144.886
39.032,0.475,0.000,0.220,144.751
39.046,0.475,0.000,0.233,144.613
39.061,0.475,0.000,0.242,144.317
39.074,0.475,0.000,0.251,144.161
39.091,0.475,0.000,0.251,143.841
39.102,0.475,0.000,0.259,143.677
39.115,0.475,0.000,0.264,143.514
39.130,0.475,0.000,0.268,143.348
39.143,0.475,0.000,0.268,143.010
39.157,0.482,0.000,0.268,142.839
39.174,0.482,0.000,0.268,142.500
39.185,0.482,0.000,0.272,142.331
39.198,0.486,0.000,0.272,142.164
39.213,0.486,0.000,0.272,141.830
39.226,0.486,0.000,0.268,141.665
39.242,0.490,0.000,0.268,141.338
39.256,0.490,0.000,0.268,141.178
39.267,0.490,0.000,0.268,141.020
39.281,0.494,0.000,0.259,140.707
39.295,0.494,0.000,0.251,140.555
39.310,0.494,0.000,0.237,140.267
39.325,0.494,0.000,0.220,140.120
39.337,0.494,0.000,0.198,139.973
39.354,0.494,0.000,0.198,139.703
39.365,0.494,0.000,0.171,139.574
39.378,0.494,0.000,0.145,139.449
39.394,0.498,0.000,0.119,139.251
39.409,0.506,0.000,0.092,139.168
39.422,0.510,0.000,0.062,139.082
39.436,0.518,0.000,0.031,139.052
39.448,0.518,0.000,0.031,139.045
39.462,0.541,0.000,0.000,139.040
39.476,0.561,0.000,-0.009,139.044
39.490,0.576,0.000,-0.022,139.050
39.506,0.596,0.000,-0.035,139.075
39.518,0.616,0.000,-0.048,139.089
39.531,0.616,0.000,-0.048,139.123
39.545,0.627,0.000,-0.057,139.143
39.560,0.631,0.000,-0.061,139.164
39.575,0.631,0.000,-0.066,139.208
39.590,0.631,0.000,-0.075,139.231
39.601,0.631,0.000,-0.079,139.269
39.615,0.631,0.000,-0.079,139.286
39.628,0.624,0.000,-0.092,139.304
39.644,0.620,0.000,-0.101,139.311
39.658,0.616,0.000,-0.110,139.309
39.670,0.608,0.000,-0.119,139.277
39.686,0.600,0.000,-0.132,139.253
39.698,0.580,0.000,-0.141,139.215
39.712,0.580,0.000,-0.141,139.110
39.728,0.573,0.000,-0.154,139.054
39.743,0.561,0.000,-0.167,138.905
39.756,0.553,0.000,-0.180,138.819
39.768,0.549,0.000,-0.202,138.726
39.781,0.545,0.000,-0.215,138.504
39.796,0.545,0.000,-0.215,138.381
39.809,0.537,0.000,-0.233,138.256
39.824,0.525,0.000,-0.246,137.988
39.837,0.506,0.000,-0.259,137.843
39.851,0.490,0.000,-0.272,137.544
39.865,0.467,0.000,-0.286,137.386
39.878,0.467,0.000,-0.286,137.228
39.892,0.439,0.000,-0.299,136.902
39.909,0.404,0.000,-0.312,136.734
39.923,0.380,0.000,-0.325,136.400
39.934,0.369,0.000,-0.338,136.227
39.948,0.365,0.000,-0.347,136.059
39.962,0.365,0.000,-0.356,135.722
39.977,0.365,0.000,-0.356,135.551
39.990,0.361,0.000,-0.369,135.221
40.004,0.361,0.000,-0.378,135.055
40.018,0.357,0.000,-0.391,134.895
40.032,0.357,0.000,-0.400,134.582
40.046,0.353,0.000,-0.409,134.423
40.061,0.353,0.000,-0.409,134.113
40.076,0.345,0.000,-0.417,133.958
40.089,0.341,0.000,-0.431,133.809
40.102,0.333,0.000,-0.439,133.510
40.114,0.325,0.000,-0.450,133.356
40.129,0.322,0.000,-0.450,133.206
40.142,0.318,0.000,-0.450,132.896
40.156,0.318,0.000,-0.450,132.743
40.171,0.318,0.000,-0.450,132.438
40.184,0.314,0.000,-0.450,132.287
40.198,0.314,0.000,-0.450,132.137
40.212,0.314,0.000,-0.450,131.837
40.226,0.314,0.000,-0.450,131.688
40.242,0.314,0.000,-0.450,131.390
40.256,0.314,0.000,-0.450,131.242
40.267,0.314,0.000,-0.450,131.093
40.282,0.314,0.000,-0.450,130.797
40.295,0.314,0.000,-0.450,130.650
40.310,0.314,0.000,-0.450,130.502
40.325,0.314,0.000,-0.450,130.207
40.337,0.314,0.000,-0.450,130.059
40.354,0.314,0.000,-0.450,129.764
40.364,0.314,0.000,-0.450,129.616
40.378,0.314,0.000,-0.450,129.469
40.394,0.314,0.000,-0.450,129.174
40.409,0.314,0.000,-0.450,129.026
40.422,0.314,0.000,-0.450,128.731
40.435,0.314,0.000,-0.450,128.584
40.447,0.314,0.000,-0.450,128.437
40.464,0.314,0.000,-0.450,128.142
40.476,0.314,0.000,-0.450,127.995
40.489,0.314,0.000,-0.450,127.848
40.505,0.314,0.000,-0.450,127.554
40.518,0.318,0.000,-0.450,127.408
40.531,0.318,0.000,-0.450,127.115
40.545,0.322,0.000,-0.450,126.969
40.560,0.322,0.000,-0.450,126.678
40.574,0.325,0.000,-0.450,126.533
40.587,0.337,0.000,-0.450,126.389
40.603,0.337,0.000,-0.450,126.103
40.615,0.341,0.000,-0.450,125.960
40.629,0.345,0.000,-0.450,125.818
40.643,0.349,0.000,-0.450,125.536
40.658,0.353,0.000,-0.450,125.395
40.671,0.357,0.000,-0.450,125.116
40.687,0.357,0.000,-0.450,124.976
40.698,0.357,0.000,-0.450,124.838
40.712,0.357,0.000,-0.450,124.560
40.727,0.357,0.000,-0.450,124.422
40.742,0.357,0.000,-0.450,124.146
40.755,0.361,0.000,-0.450,124.008
40.768,0.361,0.000,-0.450,123.870
40.781,0.361,0.000,-0.450,123.596
40.796,0.361,0.000,-0.450,123.460
40.809,0.361,0.000,-0.450,123.323
40.823,0.361,0.000,-0.450,123.051
40.839,0.361,0.000,-0.450,122.915
40.851,0.365,0.000,-0.450,122.643
40.865,0.365,0.000,-0.450,122.508
40.879,0.365,0.000,-0.450,122.374
40.893,0.369,0.000,-0.450,122.105
40.910,0.369,0.000,-0.450,121.971
40.923,0.369,0.000,-0.450,121.704
40.934,0.369,0.000,-0.450,121.570
40.948,0.369,0.000,-0.450,121.437
40.962,0.369,0.000,-0.450,121.171
40.977,0.373,0.000,-0.450,121.039
40.992,0.373,0.000,-0.450,120.775
41.004,0.373,0.000,-0.450,120.643
41.020,0.373,0.000,-0.450,120.380
41.031,0.373,0.000,-0.450,120.249
41.045,0.373,0.000,-0.450,120.118
41.061,0.373,0.000,-0.450,119.856
41.075,0.373,0.000,-0.450,119.725
41.089,0.373,0.000,-0.450,119.595
41.101,0.373,0.000,-0.450,119.334
41.114,0.373,0.000,-0.450,119.204
41.129,0.373,0.000,-0.450,119.075
41.142,0.373,0.000,-0.450,118.816
41.156,0.373,0.000,-0.450,118.686
41.172,0.373,0.000,-0.450,118.428
41.185,0.373,0.000,-0.450,118.299
41.198,0.373,0.000,-0.450,118.171
41.212,0.373,0.000,-0.450,117.914
41.226,0.373,0.000,-0.450,117.785
41.242,0.373,0.000,-0.450,117.529
41.256,0.373,0.000,-0.450,117.402
41.267,0.373,0.000,-0.450,117.274
41.282,0.373,0.000,-0.450,117.019
41.295,0.373,0.000,-0.450,116.892
41.310,0.373,0.000,-0.450,116.639
41.325,0.373,0.000,-0.450,116.512
41.337,0.373,0.000,-0.450,116.385
41.354,0.373,0.000,-0.450,116.133
41.364,0.373,0.000,-0.450,116.007
41.378,0.373,0.000,-0.450,115.881
41.394,0.373,0.000,-0.450,115.630
41.409,0.373,0.000,-0.450,115.504
41.420,0.373,0.000,-0.450,115.233
41.435,0.376,0.000,-0.450,115.112
41.448,0.380,0.000,-0.450,114.992
41.462,0.384,0.000,-0.450,114.756
41.476,0.396,0.000,-0.450,37.127
41.490,0.396,0.000,-0.450,31.904
41.504,0.420,0.000,-0.450,31.102
41.518,0.443,0.000,-0.450,30.066
41.531,0.471,0.000,-0.450,28.430
41.545,0.490,0.000,-0.450,27.599
41.559,0.490,0.000,-0.450,26.989
41.576,0.514,0.000,-0.450,25.674
41.590,0.537,0.000,-0.450,25.122
41.601,0.549,0.000,-0.450,24.057
41.615,0.565,0.000,-0.450,23.526
41.628,0.573,0.000,-0.450,23.167
41.643,0.584,0.000,-0.450,22.260
41.656,0.584,0.000,-0.450,21.854
41.671,0.588,0.000,-0.450,21.064
41.684,0.588,0.000,-0.450,20.676
41.698,0.588,0.000,-0.450,20.384
41.712,0.588,0.000,-0.450,19.556
41.727,0.588,0.000,-0.450,19.107
41.740,0.588,0.000,-0.450,18.393
41.757,0.588,0.000,-0.450,18.083
41.769,0.588,0.000,-0.450,17.753
41.781,0.592,0.000,-0.450,17.063
41.796,0.592,0.000,-0.450,16.678
41.809,0.592,0.000,-0.450,16.416
41.823,0.592,0.000,-0.450,15.481
41.839,0.592,0.000,-0.450,14.774
41.851,0.592,0.000,-0.450,13.214
41.865,0.592,0.000,-0.450,12.425
41.879,0.592,0.000,-0.450,11.665
41.893,0.592,0.000,-0.450,10.253
41.909,0.592,0.000,-0.450,9.428
41.923,0.592,0.000,-0.450,8.000
41.936,0.592,0.000,-0.450,7.412
41.949,0.592,0.000,-0.450,6.659
41.962,0.596,0.000,-0.450,5.273
41.977,0.600,0.000,-0.450,4.442
41.992,0.600,0.000,-0.450,3.152
42.004,0.604,0.000,-0.450,2.449
42.021,0.604,0.000,-0.450,1.079
42.031,0.608,0.000,-0.450,0.266
42.045,0.608,0.000,-0.450,0.107
42.061,0.608,0.000,-0.450,0.111
42.075,0.608,0.000,-0.450,0.146
42.088,0.612,0.000,-0.450,0.177
42.102,0.612,0.000,-0.450,0.263
42.114,0.612,0.000,-0.450,0.255
42.129,0.612,0.000,-0.450,0.255
42.142,0.612,0.000,-0.450,0.275
42.156,0.612,0.000,-0.450,0.263
42.172,0.608,0.000,-0.450,0.255
42.185,0.600,0.000,-0.450,0.249
42.198,0.600,0.000,-0.450,0.233
42.212,0.580,0.000,-0.450,0.207
42.226,0.557,0.000,-0.450,0.218
42.242,0.525,0.000,-0.450,0.203
42.256,0.494,0.000,-0.450,0.178
42.268,0.447,0.000,-0.450,0.175
42.282,0.447,0.000,-0.450,0.149
42.295,0.388,0.000,-0.450,0.149
42.310,0.294,0.000,-0.450,0.126
42.325,0.196,0.000,-0.450,0.131
42.337,0.086,0.000,-0.450,0.121
42.353,0.000,0.000,-0.450,0.162
42.364,0.000,0.000,-0.450,0.243
42.378,0.000,0.000,-0.450,0.173
42.394,0.000,0.000,-0.450,0.181
42.406,0.000,0.000,-0.450,0.161
42.447,0.000,0.000,-0.450,0.143
42.461,0.000,0.000,-0.450,0.136
42.477,0.000,0.000,-0.450,0.115
42.490,0.000,0.000,-0.450,0.125
42.506,0.000,0.000,-0.435,0.154
42.518,0.000,0.000,-0.417,0.124
42.532,0.000,0.000,-0.400,0.078
42.545,0.000,0.000,-0.400,0.061
42.559,0.000,0.000,-0.378,0.051
42.575,0.000,0.000,-0.356,0.089
42.590,0.000,0.000,-0.330,0.065
42.601,0.000,0.000,-0.299,0.014
42.615,0.000,0.000,-0.277,0.071
42.628,0.000,0.000,-0.250,0.165
42.674,0.000,0.000,-0.250,0.049

Event Log:
Collision with object: Ch22_nonPBR at 16.530s
Collision with object: Ch22_nonPBR at 16.540s
Collision with object: StreetLight at 41.460s
Collision with object: StreetLight at 41.790s
